"LOCATION","INDICATOR","SUBJECT","MEASURE","FREQUENCY","TIME","Value","Flag Codes"
"AUS","WAGEGAP","EMPLOYEE","PC","A","1975",21.582733813,
"AUS","WAGEGAP","EMPLOYEE","PC","A","1976",20.754716981,
"AUS","WAGEGAP","EMPLOYEE","PC","A","1977",18.390804598,
"AUS","WAGEGAP","EMPLOYEE","PC","A","1978",19.791666667,
"AUS","WAGEGAP","EMPLOYEE","PC","A","1979",20,
"AUS","WAGEGAP","EMPLOYEE","PC","A","1980",18.75,
"AUS","WAGEGAP","EMPLOYEE","PC","A","1981",18.253968254,
"AUS","WAGEGAP","EMPLOYEE","PC","A","1982",20.819112628,
"AUS","WAGEGAP","EMPLOYEE","PC","A","1983",19.155844156,
"AUS","WAGEGAP","EMPLOYEE","PC","A","1984",18.674698795,
"AUS","WAGEGAP","EMPLOYEE","PC","A","1985",19.607843137,
"AUS","WAGEGAP","EMPLOYEE","PC","A","1986",18.848167539,
"AUS","WAGEGAP","EMPLOYEE","PC","A","1987",18.518518519,
"AUS","WAGEGAP","EMPLOYEE","PC","A","1988",18.79350348,
"AUS","WAGEGAP","EMPLOYEE","PC","A","1989",18.58974359,
"AUS","WAGEGAP","EMPLOYEE","PC","A","1990",18.181818182,
"AUS","WAGEGAP","EMPLOYEE","PC","A","1991",16.015625,
"AUS","WAGEGAP","EMPLOYEE","PC","A","1992",14.258555133,
"AUS","WAGEGAP","EMPLOYEE","PC","A","1993",13.224637681,
"AUS","WAGEGAP","EMPLOYEE","PC","A","1994",14.409722222,
"AUS","WAGEGAP","EMPLOYEE","PC","A","1995",14.478114478,
"AUS","WAGEGAP","EMPLOYEE","PC","A","1997",15.254237288,
"AUS","WAGEGAP","EMPLOYEE","PC","A","1998",13.242009132,
"AUS","WAGEGAP","EMPLOYEE","PC","A","1999",14.285714286,
"AUS","WAGEGAP","EMPLOYEE","PC","A","2000",17.2,
"AUS","WAGEGAP","EMPLOYEE","PC","A","2001",14.342105263,
"AUS","WAGEGAP","EMPLOYEE","PC","A","2002",15,
"AUS","WAGEGAP","EMPLOYEE","PC","A","2003",13.043478261,
"AUS","WAGEGAP","EMPLOYEE","PC","A","2004",14.352941176,
"AUS","WAGEGAP","EMPLOYEE","PC","A","2005",15.777777778,
"AUS","WAGEGAP","EMPLOYEE","PC","A","2006",16.666666667,
"AUS","WAGEGAP","EMPLOYEE","PC","A","2007",15.4,
"AUS","WAGEGAP","EMPLOYEE","PC","A","2008",11.937377691,
"AUS","WAGEGAP","EMPLOYEE","PC","A","2009",16.363636364,
"AUS","WAGEGAP","EMPLOYEE","PC","A","2010",14.04293381,
"AUS","WAGEGAP","EMPLOYEE","PC","A","2011",15.966386555,
"AUS","WAGEGAP","EMPLOYEE","PC","A","2012",13.75,
"AUS","WAGEGAP","EMPLOYEE","PC","A","2013",18,
"AUS","WAGEGAP","EMPLOYEE","PC","A","2014",15.773353752,
"AUS","WAGEGAP","EMPLOYEE","PC","A","2015",13.307692308,
"AUS","WAGEGAP","EMPLOYEE","PC","A","2016",13.728432108,
"AUS","WAGEGAP","EMPLOYEE","PC","A","2017",13.000948217,
"AUS","WAGEGAP","EMPLOYEE","PC","A","2018",13.448567435,
"AUS","WAGEGAP","EMPLOYEE","PC","A","2019",15.311653117,
"AUT","WAGEGAP","SELFEMPLOYED","PC","A","2003",51.796035767,
"AUT","WAGEGAP","SELFEMPLOYED","PC","A","2004",49.966068268,
"AUT","WAGEGAP","SELFEMPLOYED","PC","A","2005",49.897182465,
"AUT","WAGEGAP","SELFEMPLOYED","PC","A","2006",47.264545441,
"AUT","WAGEGAP","SELFEMPLOYED","PC","A","2007",48.468040466,
"AUT","WAGEGAP","SELFEMPLOYED","PC","A","2008",48.604099274,
"AUT","WAGEGAP","SELFEMPLOYED","PC","A","2009",46.530117035,
"AUT","WAGEGAP","SELFEMPLOYED","PC","A","2010",45.362171173,
"AUT","WAGEGAP","SELFEMPLOYED","PC","A","2011",44.058097839,
"AUT","WAGEGAP","SELFEMPLOYED","PC","A","2012",45.369796753,
"AUT","WAGEGAP","SELFEMPLOYED","PC","A","2013",46.318145752,
"AUT","WAGEGAP","SELFEMPLOYED","PC","A","2014",48.716945648,
"AUT","WAGEGAP","SELFEMPLOYED","PC","A","2015",52.275894165,
"AUT","WAGEGAP","SELFEMPLOYED","PC","A","2016",52.446720123,
"AUT","WAGEGAP","SELFEMPLOYED","PC","A","2017",44.660949707,
"AUT","WAGEGAP","SELFEMPLOYED","PC","A","2018",40.940143585,
"AUT","WAGEGAP","SELFEMPLOYED","PC","A","2019",36.964374542,
"AUT","WAGEGAP","EMPLOYEE","PC","A","2000",23.141943088,
"AUT","WAGEGAP","EMPLOYEE","PC","A","2001",22.801817823,
"AUT","WAGEGAP","EMPLOYEE","PC","A","2002",24.48922362,
"AUT","WAGEGAP","EMPLOYEE","PC","A","2003",21.136921977,
"AUT","WAGEGAP","EMPLOYEE","PC","A","2004",22.430792158,
"AUT","WAGEGAP","EMPLOYEE","PC","A","2005",22.032085753,
"AUT","WAGEGAP","EMPLOYEE","PC","A","2006",21.855130427,
"AUT","WAGEGAP","EMPLOYEE","PC","A","2007",21.634276366,
"AUT","WAGEGAP","EMPLOYEE","PC","A","2008",20.917320274,
"AUT","WAGEGAP","EMPLOYEE","PC","A","2009",19.355965917,
"AUT","WAGEGAP","EMPLOYEE","PC","A","2010",19.188862682,
"AUT","WAGEGAP","EMPLOYEE","PC","A","2011",18.550554118,
"AUT","WAGEGAP","EMPLOYEE","PC","A","2012",18.185056843,
"AUT","WAGEGAP","EMPLOYEE","PC","A","2013",18.053211411,
"AUT","WAGEGAP","EMPLOYEE","PC","A","2014",17.728884245,
"AUT","WAGEGAP","EMPLOYEE","PC","A","2015",17.04325299,
"AUT","WAGEGAP","EMPLOYEE","PC","A","2016",15.670899643,
"AUT","WAGEGAP","EMPLOYEE","PC","A","2017",15.38215397,
"AUT","WAGEGAP","EMPLOYEE","PC","A","2018",14.876690892,
"AUT","WAGEGAP","EMPLOYEE","PC","A","2019",14.011740808,
"AUT","WAGEGAP","EMPLOYEE","PC","A","2020",12.381539673,
"BEL","WAGEGAP","SELFEMPLOYED","PC","A","2003",42.56760025,
"BEL","WAGEGAP","SELFEMPLOYED","PC","A","2004",44.539764404,
"BEL","WAGEGAP","SELFEMPLOYED","PC","A","2005",46.873012543,
"BEL","WAGEGAP","SELFEMPLOYED","PC","A","2006",45.036987305,
"BEL","WAGEGAP","SELFEMPLOYED","PC","A","2007",41.820960999,
"BEL","WAGEGAP","SELFEMPLOYED","PC","A","2008",35.682811737,
"BEL","WAGEGAP","SELFEMPLOYED","PC","A","2009",32.342735291,
"BEL","WAGEGAP","SELFEMPLOYED","PC","A","2010",30.243335724,
"BEL","WAGEGAP","SELFEMPLOYED","PC","A","2011",32.939476013,
"BEL","WAGEGAP","SELFEMPLOYED","PC","A","2012",34.088447571,
"BEL","WAGEGAP","SELFEMPLOYED","PC","A","2013",32.978439331,
"BEL","WAGEGAP","SELFEMPLOYED","PC","A","2014",31.625078201,
"BEL","WAGEGAP","SELFEMPLOYED","PC","A","2015",29.084331512,
"BEL","WAGEGAP","SELFEMPLOYED","PC","A","2016",28.984521866,
"BEL","WAGEGAP","SELFEMPLOYED","PC","A","2017",27.933237076,
"BEL","WAGEGAP","SELFEMPLOYED","PC","A","2018",27.394569397,
"BEL","WAGEGAP","SELFEMPLOYED","PC","A","2019",26.422130585,
"BEL","WAGEGAP","EMPLOYEE","PC","A","1999",15.182987141,
"BEL","WAGEGAP","EMPLOYEE","PC","A","2000",13.599231139,
"BEL","WAGEGAP","EMPLOYEE","PC","A","2001",13.186813187,
"BEL","WAGEGAP","EMPLOYEE","PC","A","2002",11.604714415,
"BEL","WAGEGAP","EMPLOYEE","PC","A","2003",15.205183585,
"BEL","WAGEGAP","EMPLOYEE","PC","A","2004",11.832061069,
"BEL","WAGEGAP","EMPLOYEE","PC","A","2005",11.511092507,
"BEL","WAGEGAP","EMPLOYEE","PC","A","2006",10.253267974,
"BEL","WAGEGAP","EMPLOYEE","PC","A","2007",9.8736176935,
"BEL","WAGEGAP","EMPLOYEE","PC","A","2008",8.9157536834,
"BEL","WAGEGAP","EMPLOYEE","PC","A","2009",7.4804614812,
"BEL","WAGEGAP","EMPLOYEE","PC","A","2010",7.0437956204,
"BEL","WAGEGAP","EMPLOYEE","PC","A","2011",5.8381088825,
"BEL","WAGEGAP","EMPLOYEE","PC","A","2012",6.4111498258,
"BEL","WAGEGAP","EMPLOYEE","PC","A","2013",5.9128630705,
"BEL","WAGEGAP","EMPLOYEE","PC","A","2014",3.2989003665,
"BEL","WAGEGAP","EMPLOYEE","PC","A","2015",4.672,
"BEL","WAGEGAP","EMPLOYEE","PC","A","2016",3.7012987013,
"BEL","WAGEGAP","EMPLOYEE","PC","A","2017",4.1902961563,
"BEL","WAGEGAP","EMPLOYEE","PC","A","2018",3.4087569791,
"BEL","WAGEGAP","EMPLOYEE","PC","A","2019",3.798185941,
"CAN","WAGEGAP","SELFEMPLOYED","PC","A","2006",42.694499969,
"CAN","WAGEGAP","SELFEMPLOYED","PC","A","2007",43.911998749,
"CAN","WAGEGAP","SELFEMPLOYED","PC","A","2008",44.255001068,
"CAN","WAGEGAP","SELFEMPLOYED","PC","A","2009",43.769664764,
"CAN","WAGEGAP","SELFEMPLOYED","PC","A","2010",45.027332306,
"CAN","WAGEGAP","SELFEMPLOYED","PC","A","2011",43.95533371,
"CAN","WAGEGAP","SELFEMPLOYED","PC","A","2012",44.086334229,
"CAN","WAGEGAP","SELFEMPLOYED","PC","A","2013",40.931999207,
"CAN","WAGEGAP","SELFEMPLOYED","PC","A","2014",39.04933548,
"CAN","WAGEGAP","SELFEMPLOYED","PC","A","2015",36.813999176,
"CAN","WAGEGAP","SELFEMPLOYED","PC","A","2016",33.539333344,
"CAN","WAGEGAP","SELFEMPLOYED","PC","A","2017",33.541023254,
"CAN","WAGEGAP","SELFEMPLOYED","PC","A","2018",31.75894928,
"CAN","WAGEGAP","SELFEMPLOYED","PC","A","2019",32.221923828,
"CAN","WAGEGAP","EMPLOYEE","PC","A","1997",24.705882353,
"CAN","WAGEGAP","EMPLOYEE","PC","A","1998",24.855491329,
"CAN","WAGEGAP","EMPLOYEE","PC","A","1999",24,
"CAN","WAGEGAP","EMPLOYEE","PC","A","2000",23.875,
"CAN","WAGEGAP","EMPLOYEE","PC","A","2001",24.324579125,
"CAN","WAGEGAP","EMPLOYEE","PC","A","2002",24.013157895,
"CAN","WAGEGAP","EMPLOYEE","PC","A","2003",22.502340337,
"CAN","WAGEGAP","EMPLOYEE","PC","A","2004",22.717948718,
"CAN","WAGEGAP","EMPLOYEE","PC","A","2005",21.25,
"CAN","WAGEGAP","EMPLOYEE","PC","A","2006",21.123321123,
"CAN","WAGEGAP","EMPLOYEE","PC","A","2007",20.808235294,
"CAN","WAGEGAP","EMPLOYEE","PC","A","2008",20.454545455,
"CAN","WAGEGAP","EMPLOYEE","PC","A","2009",20.131868132,
"CAN","WAGEGAP","EMPLOYEE","PC","A","2010",18.977469671,
"CAN","WAGEGAP","EMPLOYEE","PC","A","2011",19.175531915,
"CAN","WAGEGAP","EMPLOYEE","PC","A","2012",19.511231281,
"CAN","WAGEGAP","EMPLOYEE","PC","A","2013",19.30323498,
"CAN","WAGEGAP","EMPLOYEE","PC","A","2014",19.229,
"CAN","WAGEGAP","EMPLOYEE","PC","A","2015",18.62745098,
"CAN","WAGEGAP","EMPLOYEE","PC","A","2016",18.221153846,
"CAN","WAGEGAP","EMPLOYEE","PC","A","2017",18.17322239,
"CAN","WAGEGAP","EMPLOYEE","PC","A","2018",18.518518519,
"CAN","WAGEGAP","EMPLOYEE","PC","A","2019",17.607142857,
"CAN","WAGEGAP","EMPLOYEE","PC","A","2020",16.112531969,
"CAN","WAGEGAP","EMPLOYEE","PC","A","2021",16.666666667,
"CZE","WAGEGAP","SELFEMPLOYED","PC","A","2004",32.046413422,
"CZE","WAGEGAP","SELFEMPLOYED","PC","A","2005",30.815345764,
"CZE","WAGEGAP","SELFEMPLOYED","PC","A","2006",28.949419022,
"CZE","WAGEGAP","SELFEMPLOYED","PC","A","2007",29.3561306,
"CZE","WAGEGAP","SELFEMPLOYED","PC","A","2008",29.208007813,
"CZE","WAGEGAP","SELFEMPLOYED","PC","A","2009",29.654512405,
"CZE","WAGEGAP","SELFEMPLOYED","PC","A","2010",29.797958374,
"CZE","WAGEGAP","SELFEMPLOYED","PC","A","2011",31.073228836,
"CZE","WAGEGAP","SELFEMPLOYED","PC","A","2012",31.23534584,
"CZE","WAGEGAP","SELFEMPLOYED","PC","A","2013",29.838407516,
"CZE","WAGEGAP","SELFEMPLOYED","PC","A","2014",29.452219009,
"CZE","WAGEGAP","SELFEMPLOYED","PC","A","2015",29.879547119,
"CZE","WAGEGAP","SELFEMPLOYED","PC","A","2016",31.317714691,
"CZE","WAGEGAP","SELFEMPLOYED","PC","A","2017",32.03011322,
"CZE","WAGEGAP","SELFEMPLOYED","PC","A","2018",32.318340302,
"CZE","WAGEGAP","SELFEMPLOYED","PC","A","2019",32.25138855,
"CZE","WAGEGAP","EMPLOYEE","PC","A","1996",18.289856235,
"CZE","WAGEGAP","EMPLOYEE","PC","A","1997",18.429043742,
"CZE","WAGEGAP","EMPLOYEE","PC","A","1999",19.030314257,
"CZE","WAGEGAP","EMPLOYEE","PC","A","2001",16.876621646,
"CZE","WAGEGAP","EMPLOYEE","PC","A","2002",15.95069783,
"CZE","WAGEGAP","EMPLOYEE","PC","A","2003",15.637497318,
"CZE","WAGEGAP","EMPLOYEE","PC","A","2004",16.14681968,
"CZE","WAGEGAP","EMPLOYEE","PC","A","2005",15.93892946,
"CZE","WAGEGAP","EMPLOYEE","PC","A","2006",15.351766206,
"CZE","WAGEGAP","EMPLOYEE","PC","A","2007",16.931531878,
"CZE","WAGEGAP","EMPLOYEE","PC","A","2008",17.873019877,
"CZE","WAGEGAP","EMPLOYEE","PC","A","2009",15.105017965,
"CZE","WAGEGAP","EMPLOYEE","PC","A","2010",15.798503074,
"CZE","WAGEGAP","EMPLOYEE","PC","A","2011",16.329656698,
"CZE","WAGEGAP","EMPLOYEE","PC","A","2012",15.262979875,
"CZE","WAGEGAP","EMPLOYEE","PC","A","2013",15.378835316,
"CZE","WAGEGAP","EMPLOYEE","PC","A","2014",16.254560195,
"CZE","WAGEGAP","EMPLOYEE","PC","A","2015",16.455154158,
"CZE","WAGEGAP","EMPLOYEE","PC","A","2016",16.023430838,
"CZE","WAGEGAP","EMPLOYEE","PC","A","2017",15.614010894,
"CZE","WAGEGAP","EMPLOYEE","PC","A","2018",15.127413864,
"CZE","WAGEGAP","EMPLOYEE","PC","A","2019",14.714332257,
"CZE","WAGEGAP","EMPLOYEE","PC","A","2020",12.372862094,
"CZE","WAGEGAP","EMPLOYEE","PC","A","2021",11.518748314,
"DNK","WAGEGAP","SELFEMPLOYED","PC","A","2003",9.2171945572,
"DNK","WAGEGAP","SELFEMPLOYED","PC","A","2004",6.2139482498,
"DNK","WAGEGAP","SELFEMPLOYED","PC","A","2005",12.367588997,
"DNK","WAGEGAP","SELFEMPLOYED","PC","A","2006",12.008332253,
"DNK","WAGEGAP","SELFEMPLOYED","PC","A","2007",17.159145355,
"DNK","WAGEGAP","SELFEMPLOYED","PC","A","2008",11.085051537,
"DNK","WAGEGAP","SELFEMPLOYED","PC","A","2009",16.10931015,
"DNK","WAGEGAP","SELFEMPLOYED","PC","A","2010",17.466926575,
"DNK","WAGEGAP","SELFEMPLOYED","PC","A","2011",22.240890503,
"DNK","WAGEGAP","SELFEMPLOYED","PC","A","2012",23.141622543,
"DNK","WAGEGAP","SELFEMPLOYED","PC","A","2013",-8.811937332,
"DNK","WAGEGAP","SELFEMPLOYED","PC","A","2014",5.9567775726,
"DNK","WAGEGAP","SELFEMPLOYED","PC","A","2015",0.52541852,
"DNK","WAGEGAP","SELFEMPLOYED","PC","A","2016",8.3018627167,
"DNK","WAGEGAP","SELFEMPLOYED","PC","A","2017",2.9588682652,
"DNK","WAGEGAP","SELFEMPLOYED","PC","A","2018",8.7965869904,
"DNK","WAGEGAP","SELFEMPLOYED","PC","A","2019",8.2187023163,
"DNK","WAGEGAP","EMPLOYEE","PC","A","2002",10.797075707,
"DNK","WAGEGAP","EMPLOYEE","PC","A","2003",9.9218040939,
"DNK","WAGEGAP","EMPLOYEE","PC","A","2004",10.182205379,
"DNK","WAGEGAP","EMPLOYEE","PC","A","2005",10.167330438,
"DNK","WAGEGAP","EMPLOYEE","PC","A","2006",10.172061258,
"DNK","WAGEGAP","EMPLOYEE","PC","A","2007",9.8502979507,
"DNK","WAGEGAP","EMPLOYEE","PC","A","2008",10.183549034,
"DNK","WAGEGAP","EMPLOYEE","PC","A","2009",10.172005061,
"DNK","WAGEGAP","EMPLOYEE","PC","A","2010",8.895098479,
"DNK","WAGEGAP","EMPLOYEE","PC","A","2011",7.9471972536,
"DNK","WAGEGAP","EMPLOYEE","PC","A","2012",6.9998448762,
"DNK","WAGEGAP","EMPLOYEE","PC","A","2013",6.7689119452,
"DNK","WAGEGAP","EMPLOYEE","PC","A","2014",6.3238656948,
"DNK","WAGEGAP","EMPLOYEE","PC","A","2015",5.8360481128,
"DNK","WAGEGAP","EMPLOYEE","PC","A","2016",5.7326280384,
"DNK","WAGEGAP","EMPLOYEE","PC","A","2017",5.2966919656,
"DNK","WAGEGAP","EMPLOYEE","PC","A","2018",4.8632060095,
"DNK","WAGEGAP","EMPLOYEE","PC","A","2019",5.0592156283,
"DNK","WAGEGAP","EMPLOYEE","PC","A","2020",4.994399736,
"FIN","WAGEGAP","SELFEMPLOYED","PC","A","2003",32.750133514,
"FIN","WAGEGAP","SELFEMPLOYED","PC","A","2004",35.396728516,
"FIN","WAGEGAP","SELFEMPLOYED","PC","A","2005",41.991329193,
"FIN","WAGEGAP","SELFEMPLOYED","PC","A","2006",39.519939423,
"FIN","WAGEGAP","SELFEMPLOYED","PC","A","2007",39.910362244,
"FIN","WAGEGAP","SELFEMPLOYED","PC","A","2008",36.902198792,
"FIN","WAGEGAP","SELFEMPLOYED","PC","A","2009",35.940090179,
"FIN","WAGEGAP","SELFEMPLOYED","PC","A","2010",33.25018692,
"FIN","WAGEGAP","SELFEMPLOYED","PC","A","2011",34.803096771,
"FIN","WAGEGAP","SELFEMPLOYED","PC","A","2012",34.581478119,
"FIN","WAGEGAP","SELFEMPLOYED","PC","A","2013",30.315122604,
"FIN","WAGEGAP","SELFEMPLOYED","PC","A","2014",25.819936752,
"FIN","WAGEGAP","SELFEMPLOYED","PC","A","2015",23.622652054,
"FIN","WAGEGAP","SELFEMPLOYED","PC","A","2016",25.350812912,
"FIN","WAGEGAP","SELFEMPLOYED","PC","A","2017",25.29186821,
"FIN","WAGEGAP","SELFEMPLOYED","PC","A","2018",20.918043137,
"FIN","WAGEGAP","SELFEMPLOYED","PC","A","2019",18.251142502,
"FIN","WAGEGAP","EMPLOYEE","PC","A","1977",27.69040181,
"FIN","WAGEGAP","EMPLOYEE","PC","A","1978",27.088607595,
"FIN","WAGEGAP","EMPLOYEE","PC","A","1979",27.168949772,
"FIN","WAGEGAP","EMPLOYEE","PC","A","1980",26.623818677,
"FIN","WAGEGAP","EMPLOYEE","PC","A","1982",25.961538462,
"FIN","WAGEGAP","EMPLOYEE","PC","A","1983",25.631742918,
"FIN","WAGEGAP","EMPLOYEE","PC","A","1984",23.427041499,
"FIN","WAGEGAP","EMPLOYEE","PC","A","1986",22.531420386,
"FIN","WAGEGAP","EMPLOYEE","PC","A","1987",23.612840074,
"FIN","WAGEGAP","EMPLOYEE","PC","A","1988",23.045794438,
"FIN","WAGEGAP","EMPLOYEE","PC","A","1989",23.559035501,
"FIN","WAGEGAP","EMPLOYEE","PC","A","1990",22.862101997,
"FIN","WAGEGAP","EMPLOYEE","PC","A","1991",21.467746962,
"FIN","WAGEGAP","EMPLOYEE","PC","A","1992",20.284986187,
"FIN","WAGEGAP","EMPLOYEE","PC","A","1993",21.984812501,
"FIN","WAGEGAP","EMPLOYEE","PC","A","1994",23.149578754,
"FIN","WAGEGAP","EMPLOYEE","PC","A","1995",22.40219409,
"FIN","WAGEGAP","EMPLOYEE","PC","A","1996",20.582669662,
"FIN","WAGEGAP","EMPLOYEE","PC","A","1997",21.332011656,
"FIN","WAGEGAP","EMPLOYEE","PC","A","1998",20.800426409,
"FIN","WAGEGAP","EMPLOYEE","PC","A","1999",21.716236106,
"FIN","WAGEGAP","EMPLOYEE","PC","A","2000",20.427489177,
"FIN","WAGEGAP","EMPLOYEE","PC","A","2001",21.239091287,
"FIN","WAGEGAP","EMPLOYEE","PC","A","2002",20.373202814,
"FIN","WAGEGAP","EMPLOYEE","PC","A","2003",20.099255583,
"FIN","WAGEGAP","EMPLOYEE","PC","A","2004",20.015151037,
"FIN","WAGEGAP","EMPLOYEE","PC","A","2005",18.941694033,
"FIN","WAGEGAP","EMPLOYEE","PC","A","2006",19.374794537,
"FIN","WAGEGAP","EMPLOYEE","PC","A","2007",21.376904093,
"FIN","WAGEGAP","EMPLOYEE","PC","A","2008",21.233952657,
"FIN","WAGEGAP","EMPLOYEE","PC","A","2009",19.675672792,
"FIN","WAGEGAP","EMPLOYEE","PC","A","2010",18.876999846,
"FIN","WAGEGAP","EMPLOYEE","PC","A","2011",18.607617095,
"FIN","WAGEGAP","EMPLOYEE","PC","A","2012",18.726074526,
"FIN","WAGEGAP","EMPLOYEE","PC","A","2013",20.178432711,
"FIN","WAGEGAP","EMPLOYEE","PC","A","2014",19.609079445,
"FIN","WAGEGAP","EMPLOYEE","PC","A","2015",18.055981324,
"FIN","WAGEGAP","EMPLOYEE","PC","A","2016",16.47225837,
"FIN","WAGEGAP","EMPLOYEE","PC","A","2017",17.717920638,
"FIN","WAGEGAP","EMPLOYEE","PC","A","2018",18.855203722,
"FIN","WAGEGAP","EMPLOYEE","PC","A","2019",17.159829635,
"FIN","WAGEGAP","EMPLOYEE","PC","A","2020",15.978604956,
"FRA","WAGEGAP","SELFEMPLOYED","PC","A","2003",37.429203033,
"FRA","WAGEGAP","SELFEMPLOYED","PC","A","2004",33.925640106,
"FRA","WAGEGAP","SELFEMPLOYED","PC","A","2005",31.850799561,
"FRA","WAGEGAP","SELFEMPLOYED","PC","A","2006",32.934783936,
"FRA","WAGEGAP","SELFEMPLOYED","PC","A","2007",36.227027893,
"FRA","WAGEGAP","SELFEMPLOYED","PC","A","2008",35.962684631,
"FRA","WAGEGAP","SELFEMPLOYED","PC","A","2009",31.632947922,
"FRA","WAGEGAP","SELFEMPLOYED","PC","A","2010",29.949708939,
"FRA","WAGEGAP","SELFEMPLOYED","PC","A","2011",30.463502884,
"FRA","WAGEGAP","SELFEMPLOYED","PC","A","2012",30.187520981,
"FRA","WAGEGAP","SELFEMPLOYED","PC","A","2013",24.597135544,
"FRA","WAGEGAP","SELFEMPLOYED","PC","A","2014",23.698459625,
"FRA","WAGEGAP","SELFEMPLOYED","PC","A","2015",20.220615387,
"FRA","WAGEGAP","SELFEMPLOYED","PC","A","2016",17.939050674,
"FRA","WAGEGAP","SELFEMPLOYED","PC","A","2017",11.413352013,
"FRA","WAGEGAP","SELFEMPLOYED","PC","A","2018",8.2360572815,
"FRA","WAGEGAP","EMPLOYEE","PC","A","2002",13.30472103,
"FRA","WAGEGAP","EMPLOYEE","PC","A","2006",9.3907466789,
"FRA","WAGEGAP","EMPLOYEE","PC","A","2010",9.1188075406,
"FRA","WAGEGAP","EMPLOYEE","PC","A","2014",9.8721023181,
"FRA","WAGEGAP","EMPLOYEE","PC","A","2018",11.823802164,
"DEU","WAGEGAP","EMPLOYEE","PC","A","1992",27.101265823,
"DEU","WAGEGAP","EMPLOYEE","PC","A","1993",22.941176471,
"DEU","WAGEGAP","EMPLOYEE","PC","A","1994",21.072796935,
"DEU","WAGEGAP","EMPLOYEE","PC","A","1995",19.544486622,
"DEU","WAGEGAP","EMPLOYEE","PC","A","1996",20.744680851,
"DEU","WAGEGAP","EMPLOYEE","PC","A","1997",21.575342466,
"DEU","WAGEGAP","EMPLOYEE","PC","A","1998",20.614050009,
"DEU","WAGEGAP","EMPLOYEE","PC","A","1999",20.586438607,
"DEU","WAGEGAP","EMPLOYEE","PC","A","2000",19.536423841,
"DEU","WAGEGAP","EMPLOYEE","PC","A","2001",19.100651397,
"DEU","WAGEGAP","EMPLOYEE","PC","A","2002",18.633540373,
"DEU","WAGEGAP","EMPLOYEE","PC","A","2003",19.820537796,
"DEU","WAGEGAP","EMPLOYEE","PC","A","2004",21.244784423,
"DEU","WAGEGAP","EMPLOYEE","PC","A","2005",16.814159292,
"DEU","WAGEGAP","EMPLOYEE","PC","A","2006",18.542521994,
"DEU","WAGEGAP","EMPLOYEE","PC","A","2007",16.959064327,
"DEU","WAGEGAP","EMPLOYEE","PC","A","2008",16.959064327,
"DEU","WAGEGAP","EMPLOYEE","PC","A","2009",16.958598726,
"DEU","WAGEGAP","EMPLOYEE","PC","A","2010",16.694715584,
"DEU","WAGEGAP","EMPLOYEE","PC","A","2011",16.944444444,
"DEU","WAGEGAP","EMPLOYEE","PC","A","2012",16.304347826,
"DEU","WAGEGAP","EMPLOYEE","PC","A","2013",14.323287671,
"DEU","WAGEGAP","EMPLOYEE","PC","A","2014",17.1875,
"DEU","WAGEGAP","EMPLOYEE","PC","A","2015",16.137229987,
"DEU","WAGEGAP","EMPLOYEE","PC","A","2016",15.829145729,
"DEU","WAGEGAP","EMPLOYEE","PC","A","2017",14.427860697,
"DEU","WAGEGAP","EMPLOYEE","PC","A","2018",15.444390481,
"DEU","WAGEGAP","EMPLOYEE","PC","A","2019",13.987217306,
"DEU","WAGEGAP","EMPLOYEE","PC","A","2020",14.202617547,
"GRC","WAGEGAP","SELFEMPLOYED","PC","A","2006",41.975521088,
"GRC","WAGEGAP","SELFEMPLOYED","PC","A","2007",39.18744278,
"GRC","WAGEGAP","SELFEMPLOYED","PC","A","2008",38.112781525,
"GRC","WAGEGAP","SELFEMPLOYED","PC","A","2009",42.146839142,
"GRC","WAGEGAP","SELFEMPLOYED","PC","A","2010",44.008476257,
"GRC","WAGEGAP","SELFEMPLOYED","PC","A","2011",46.311401367,
"GRC","WAGEGAP","SELFEMPLOYED","PC","A","2012",39.930625916,
"GRC","WAGEGAP","SELFEMPLOYED","PC","A","2013",36.722991943,
"GRC","WAGEGAP","SELFEMPLOYED","PC","A","2014",34.513000488,
"GRC","WAGEGAP","SELFEMPLOYED","PC","A","2015",33.937007904,
"GRC","WAGEGAP","SELFEMPLOYED","PC","A","2016",33.975883484,
"GRC","WAGEGAP","SELFEMPLOYED","PC","A","2017",35.668903351,
"GRC","WAGEGAP","SELFEMPLOYED","PC","A","2018",38.327030182,
"GRC","WAGEGAP","SELFEMPLOYED","PC","A","2019",39.415821075,
"GRC","WAGEGAP","EMPLOYEE","PC","A","2002",23.565754634,
"GRC","WAGEGAP","EMPLOYEE","PC","A","2006",17.725752508,
"GRC","WAGEGAP","EMPLOYEE","PC","A","2010",9.9099099099,
"GRC","WAGEGAP","EMPLOYEE","PC","A","2014",7.1715817694,
"GRC","WAGEGAP","EMPLOYEE","PC","A","2018",5.9090909091,
"GRC","WAGEGAP","EMPLOYEE","PC","A","2019",5.9090909091,
"HUN","WAGEGAP","SELFEMPLOYED","PC","A","2004",29.286546707,
"HUN","WAGEGAP","SELFEMPLOYED","PC","A","2005",26.686216354,
"HUN","WAGEGAP","SELFEMPLOYED","PC","A","2006",26.587032318,
"HUN","WAGEGAP","SELFEMPLOYED","PC","A","2007",23.905370712,
"HUN","WAGEGAP","SELFEMPLOYED","PC","A","2008",27.657945633,
"HUN","WAGEGAP","SELFEMPLOYED","PC","A","2009",32.13243103,
"HUN","WAGEGAP","SELFEMPLOYED","PC","A","2010",34.466587067,
"HUN","WAGEGAP","SELFEMPLOYED","PC","A","2011",32.554210663,
"HUN","WAGEGAP","SELFEMPLOYED","PC","A","2012",25.827373505,
"HUN","WAGEGAP","SELFEMPLOYED","PC","A","2013",21.618770599,
"HUN","WAGEGAP","SELFEMPLOYED","PC","A","2014",18.838945389,
"HUN","WAGEGAP","SELFEMPLOYED","PC","A","2015",18.904661179,
"HUN","WAGEGAP","SELFEMPLOYED","PC","A","2016",11.194040298,
"HUN","WAGEGAP","SELFEMPLOYED","PC","A","2017",9.6026563644,
"HUN","WAGEGAP","SELFEMPLOYED","PC","A","2018",10.709539413,
"HUN","WAGEGAP","SELFEMPLOYED","PC","A","2019",16.168548584,
"HUN","WAGEGAP","EMPLOYEE","PC","A","1989",25.979979418,
"HUN","WAGEGAP","EMPLOYEE","PC","A","1992",17.391092723,
"HUN","WAGEGAP","EMPLOYEE","PC","A","1993",7.9486289483,
"HUN","WAGEGAP","EMPLOYEE","PC","A","1994",15.181054045,
"HUN","WAGEGAP","EMPLOYEE","PC","A","1995",15.754001685,
"HUN","WAGEGAP","EMPLOYEE","PC","A","1996",17.775349235,
"HUN","WAGEGAP","EMPLOYEE","PC","A","1998",15.671892874,
"HUN","WAGEGAP","EMPLOYEE","PC","A","1999",15.30123115,
"HUN","WAGEGAP","EMPLOYEE","PC","A","2000",14.098768043,
"HUN","WAGEGAP","EMPLOYEE","PC","A","2001",13.689781486,
"HUN","WAGEGAP","EMPLOYEE","PC","A","2002",9.1297122935,
"HUN","WAGEGAP","EMPLOYEE","PC","A","2003",1.4760044902,
"HUN","WAGEGAP","EMPLOYEE","PC","A","2004",3.0343737653,
"HUN","WAGEGAP","EMPLOYEE","PC","A","2005",4.0215265743,
"HUN","WAGEGAP","EMPLOYEE","PC","A","2006",0.3843870359,
"HUN","WAGEGAP","EMPLOYEE","PC","A","2007",3.6481061267,
"HUN","WAGEGAP","EMPLOYEE","PC","A","2008",2.2206544601,
"HUN","WAGEGAP","EMPLOYEE","PC","A","2009",3.8760880696,
"HUN","WAGEGAP","EMPLOYEE","PC","A","2010",6.3817122518,
"HUN","WAGEGAP","EMPLOYEE","PC","A","2011",6.8639053254,
"HUN","WAGEGAP","EMPLOYEE","PC","A","2012",11.332462443,
"HUN","WAGEGAP","EMPLOYEE","PC","A","2013",8.7236506348,
"HUN","WAGEGAP","EMPLOYEE","PC","A","2014",3.7726055271,
"HUN","WAGEGAP","EMPLOYEE","PC","A","2015",9.5238095238,
"HUN","WAGEGAP","EMPLOYEE","PC","A","2016",9.3643171806,
"HUN","WAGEGAP","EMPLOYEE","PC","A","2017",5.3202686547,
"HUN","WAGEGAP","EMPLOYEE","PC","A","2018",5.0632142857,
"HUN","WAGEGAP","EMPLOYEE","PC","A","2019",12.753673197,
"HUN","WAGEGAP","EMPLOYEE","PC","A","2020",12.350016442,
"ISL","WAGEGAP","SELFEMPLOYED","PC","A","2003",44.341545105,
"ISL","WAGEGAP","SELFEMPLOYED","PC","A","2004",40.796829224,
"ISL","WAGEGAP","SELFEMPLOYED","PC","A","2005",34.343261719,
"ISL","WAGEGAP","SELFEMPLOYED","PC","A","2006",28.281749725,
"ISL","WAGEGAP","SELFEMPLOYED","PC","A","2007",24.90111351,
"ISL","WAGEGAP","SELFEMPLOYED","PC","A","2008",20.500671387,
"ISL","WAGEGAP","SELFEMPLOYED","PC","A","2009",15.902356148,
"ISL","WAGEGAP","SELFEMPLOYED","PC","A","2010",11.351818085,
"ISL","WAGEGAP","SELFEMPLOYED","PC","A","2011",17.470737457,
"ISL","WAGEGAP","SELFEMPLOYED","PC","A","2012",24.54683876,
"ISL","WAGEGAP","SELFEMPLOYED","PC","A","2013",25.993291855,
"ISL","WAGEGAP","SELFEMPLOYED","PC","A","2014",16.889810562,
"ISL","WAGEGAP","SELFEMPLOYED","PC","A","2015",11.491612434,
"ISL","WAGEGAP","SELFEMPLOYED","PC","A","2016",15.071327209,
"ISL","WAGEGAP","SELFEMPLOYED","PC","A","2017",21.649953842,
"ISL","WAGEGAP","EMPLOYEE","PC","A","2002",28.722134916,
"ISL","WAGEGAP","EMPLOYEE","PC","A","2006",23.269628099,
"ISL","WAGEGAP","EMPLOYEE","PC","A","2010",16.46039604,
"ISL","WAGEGAP","EMPLOYEE","PC","A","2014",13.84083045,
"ISL","WAGEGAP","EMPLOYEE","PC","A","2018",12.901247189,
"IRL","WAGEGAP","SELFEMPLOYED","PC","A","2003",25.482103348,
"IRL","WAGEGAP","SELFEMPLOYED","PC","A","2004",28.411808014,
"IRL","WAGEGAP","SELFEMPLOYED","PC","A","2005",28.568733215,
"IRL","WAGEGAP","SELFEMPLOYED","PC","A","2006",33.646671295,
"IRL","WAGEGAP","SELFEMPLOYED","PC","A","2007",29.999492645,
"IRL","WAGEGAP","SELFEMPLOYED","PC","A","2008",26.541099548,
"IRL","WAGEGAP","SELFEMPLOYED","PC","A","2009",19.366401672,
"IRL","WAGEGAP","SELFEMPLOYED","PC","A","2010",21.431070328,
"IRL","WAGEGAP","SELFEMPLOYED","PC","A","2011",23.74650383,
"IRL","WAGEGAP","SELFEMPLOYED","PC","A","2012",29.433429718,
"IRL","WAGEGAP","SELFEMPLOYED","PC","A","2013",33.007911682,
"IRL","WAGEGAP","SELFEMPLOYED","PC","A","2014",36.741920471,
"IRL","WAGEGAP","SELFEMPLOYED","PC","A","2015",38.541481018,
"IRL","WAGEGAP","SELFEMPLOYED","PC","A","2016",35.535198212,
"IRL","WAGEGAP","SELFEMPLOYED","PC","A","2017",35.407264709,
"IRL","WAGEGAP","EMPLOYEE","PC","A","2002",17.769038255,
"IRL","WAGEGAP","EMPLOYEE","PC","A","2006",19.602019602,
"IRL","WAGEGAP","EMPLOYEE","PC","A","2010",14.345864662,
"IRL","WAGEGAP","EMPLOYEE","PC","A","2014",10.606060606,
"IRL","WAGEGAP","EMPLOYEE","PC","A","2018",8.2840236686,
"ITA","WAGEGAP","SELFEMPLOYED","PC","A","2006",48.015357971,
"ITA","WAGEGAP","SELFEMPLOYED","PC","A","2007",48.111118317,
"ITA","WAGEGAP","SELFEMPLOYED","PC","A","2008",46.708091736,
"ITA","WAGEGAP","SELFEMPLOYED","PC","A","2009",49.46836853,
"ITA","WAGEGAP","SELFEMPLOYED","PC","A","2010",52.619636536,
"ITA","WAGEGAP","SELFEMPLOYED","PC","A","2011",55.426116943,
"ITA","WAGEGAP","SELFEMPLOYED","PC","A","2012",55.890869141,
"ITA","WAGEGAP","SELFEMPLOYED","PC","A","2013",53.432155609,
"ITA","WAGEGAP","SELFEMPLOYED","PC","A","2014",52.685317993,
"ITA","WAGEGAP","SELFEMPLOYED","PC","A","2015",48.54083252,
"ITA","WAGEGAP","SELFEMPLOYED","PC","A","2016",46.399925232,
"ITA","WAGEGAP","SELFEMPLOYED","PC","A","2017",44.92647934,
"ITA","WAGEGAP","EMPLOYEE","PC","A","2002",15.725101922,
"ITA","WAGEGAP","EMPLOYEE","PC","A","2006",10.512820513,
"ITA","WAGEGAP","EMPLOYEE","PC","A","2010",5.6405353728,
"ITA","WAGEGAP","EMPLOYEE","PC","A","2014",6.5847234416,
"ITA","WAGEGAP","EMPLOYEE","PC","A","2018",5.7080610022,
"ITA","WAGEGAP","EMPLOYEE","PC","A","2019",7.6401524596,
"JPN","WAGEGAP","EMPLOYEE","PC","A","1975",42.389758179,
"JPN","WAGEGAP","EMPLOYEE","PC","A","1976",39.741750359,
"JPN","WAGEGAP","EMPLOYEE","PC","A","1977",40.326797386,
"JPN","WAGEGAP","EMPLOYEE","PC","A","1978",40.565457898,
"JPN","WAGEGAP","EMPLOYEE","PC","A","1979",41.313190006,
"JPN","WAGEGAP","EMPLOYEE","PC","A","1980",41.68030551,
"JPN","WAGEGAP","EMPLOYEE","PC","A","1981",41.956967213,
"JPN","WAGEGAP","EMPLOYEE","PC","A","1982",42.15925745,
"JPN","WAGEGAP","EMPLOYEE","PC","A","1983",41.903409091,
"JPN","WAGEGAP","EMPLOYEE","PC","A","1984",41.9340055,
"JPN","WAGEGAP","EMPLOYEE","PC","A","1985",41.659272405,
"JPN","WAGEGAP","EMPLOYEE","PC","A","1986",41.605524385,
"JPN","WAGEGAP","EMPLOYEE","PC","A","1987",41.226215645,
"JPN","WAGEGAP","EMPLOYEE","PC","A","1988",41.018211921,
"JPN","WAGEGAP","EMPLOYEE","PC","A","1989",40.963375796,
"JPN","WAGEGAP","EMPLOYEE","PC","A","1990",40.59893859,
"JPN","WAGEGAP","EMPLOYEE","PC","A","1991",39.898989899,
"JPN","WAGEGAP","EMPLOYEE","PC","A","1992",38.884992987,
"JPN","WAGEGAP","EMPLOYEE","PC","A","1993",38.450946644,
"JPN","WAGEGAP","EMPLOYEE","PC","A","1994",37.815975733,
"JPN","WAGEGAP","EMPLOYEE","PC","A","1995",37.090301003,
"JPN","WAGEGAP","EMPLOYEE","PC","A","1996",36.847323199,
"JPN","WAGEGAP","EMPLOYEE","PC","A","1997",36.521454307,
"JPN","WAGEGAP","EMPLOYEE","PC","A","1998",35.307666996,
"JPN","WAGEGAP","EMPLOYEE","PC","A","1999",34.550839092,
"JPN","WAGEGAP","EMPLOYEE","PC","A","2000",33.85930309,
"JPN","WAGEGAP","EMPLOYEE","PC","A","2001",33.864671438,
"JPN","WAGEGAP","EMPLOYEE","PC","A","2002",32.529722589,
"JPN","WAGEGAP","EMPLOYEE","PC","A","2003",31.997350116,
"JPN","WAGEGAP","EMPLOYEE","PC","A","2004",31.087391594,
"JPN","WAGEGAP","EMPLOYEE","PC","A","2005",32.825438887,
"JPN","WAGEGAP","EMPLOYEE","PC","A","2006",32.980832783,
"JPN","WAGEGAP","EMPLOYEE","PC","A","2007",31.742323097,
"JPN","WAGEGAP","EMPLOYEE","PC","A","2008",30.694397853,
"JPN","WAGEGAP","EMPLOYEE","PC","A","2009",28.284923928,
"JPN","WAGEGAP","EMPLOYEE","PC","A","2010",28.684300928,
"JPN","WAGEGAP","EMPLOYEE","PC","A","2011",27.395364926,
"JPN","WAGEGAP","EMPLOYEE","PC","A","2012",26.523545706,
"JPN","WAGEGAP","EMPLOYEE","PC","A","2013",26.587578507,
"JPN","WAGEGAP","EMPLOYEE","PC","A","2014",25.870989997,
"JPN","WAGEGAP","EMPLOYEE","PC","A","2015",25.731790334,
"JPN","WAGEGAP","EMPLOYEE","PC","A","2016",24.601289447,
"JPN","WAGEGAP","EMPLOYEE","PC","A","2017",24.518092661,
"JPN","WAGEGAP","EMPLOYEE","PC","A","2018",23.537368955,
"JPN","WAGEGAP","EMPLOYEE","PC","A","2019",23.480013436,
"JPN","WAGEGAP","EMPLOYEE","PC","A","2020",22.518568535,
"JPN","WAGEGAP","EMPLOYEE","PC","A","2021",22.113766409,
"KOR","WAGEGAP","EMPLOYEE","PC","A","1985",52.776235511,
"KOR","WAGEGAP","EMPLOYEE","PC","A","1992",46.965487183,
"KOR","WAGEGAP","EMPLOYEE","PC","A","1993",47.260317787,
"KOR","WAGEGAP","EMPLOYEE","PC","A","1994",45.506376315,
"KOR","WAGEGAP","EMPLOYEE","PC","A","1995",44.182205884,
"KOR","WAGEGAP","EMPLOYEE","PC","A","1996",43.282779571,
"KOR","WAGEGAP","EMPLOYEE","PC","A","1997",42.215485792,
"KOR","WAGEGAP","EMPLOYEE","PC","A","1998",42.021841969,
"KOR","WAGEGAP","EMPLOYEE","PC","A","1999",41.80339811,
"KOR","WAGEGAP","EMPLOYEE","PC","A","2000",41.654352443,
"KOR","WAGEGAP","EMPLOYEE","PC","A","2001",40.416140488,
"KOR","WAGEGAP","EMPLOYEE","PC","A","2002",41.028512789,
"KOR","WAGEGAP","EMPLOYEE","PC","A","2003",40.083154629,
"KOR","WAGEGAP","EMPLOYEE","PC","A","2004",39.623548252,
"KOR","WAGEGAP","EMPLOYEE","PC","A","2005",39.616632359,
"KOR","WAGEGAP","EMPLOYEE","PC","A","2006",39.774144311,
"KOR","WAGEGAP","EMPLOYEE","PC","A","2007",38.162064282,
"KOR","WAGEGAP","EMPLOYEE","PC","A","2008",39.037441734,
"KOR","WAGEGAP","EMPLOYEE","PC","A","2009",38.614682704,
"KOR","WAGEGAP","EMPLOYEE","PC","A","2010",39.605857342,
"KOR","WAGEGAP","EMPLOYEE","PC","A","2011",36.5642295,
"KOR","WAGEGAP","EMPLOYEE","PC","A","2012",36.298529966,
"KOR","WAGEGAP","EMPLOYEE","PC","A","2013",36.599634369,
"KOR","WAGEGAP","EMPLOYEE","PC","A","2014",36.653176139,
"KOR","WAGEGAP","EMPLOYEE","PC","A","2015",37.176281754,
"KOR","WAGEGAP","EMPLOYEE","PC","A","2016",36.666666667,
"KOR","WAGEGAP","EMPLOYEE","PC","A","2017",34.617382557,
"KOR","WAGEGAP","EMPLOYEE","PC","A","2018",34.107310951,
"KOR","WAGEGAP","EMPLOYEE","PC","A","2019",32.480444715,
"KOR","WAGEGAP","EMPLOYEE","PC","A","2020",31.48475223,
"KOR","WAGEGAP","EMPLOYEE","PC","A","2021",31.064839435,
"LUX","WAGEGAP","SELFEMPLOYED","PC","A","2003",46.461734772,
"LUX","WAGEGAP","SELFEMPLOYED","PC","A","2004",45.352706909,
"LUX","WAGEGAP","SELFEMPLOYED","PC","A","2005",37.065757751,
"LUX","WAGEGAP","SELFEMPLOYED","PC","A","2006",42.774459839,
"LUX","WAGEGAP","SELFEMPLOYED","PC","A","2007",45.74540329,
"LUX","WAGEGAP","SELFEMPLOYED","PC","A","2008",44.475582123,
"LUX","WAGEGAP","SELFEMPLOYED","PC","A","2009",36.782512665,
"LUX","WAGEGAP","SELFEMPLOYED","PC","A","2010",25.906326294,
"LUX","WAGEGAP","SELFEMPLOYED","PC","A","2011",22.909597397,
"LUX","WAGEGAP","SELFEMPLOYED","PC","A","2012",16.378583908,
"LUX","WAGEGAP","SELFEMPLOYED","PC","A","2013",11.021029472,
"LUX","WAGEGAP","SELFEMPLOYED","PC","A","2014",4.596394062,
"LUX","WAGEGAP","SELFEMPLOYED","PC","A","2015",7.9891958237,
"LUX","WAGEGAP","SELFEMPLOYED","PC","A","2016",11.552581787,
"LUX","WAGEGAP","SELFEMPLOYED","PC","A","2017",15.517879486,
"LUX","WAGEGAP","SELFEMPLOYED","PC","A","2018",19.163221359,
"LUX","WAGEGAP","SELFEMPLOYED","PC","A","2019",20.980772018,
"LUX","WAGEGAP","EMPLOYEE","PC","A","2002",15.088529638,
"LUX","WAGEGAP","EMPLOYEE","PC","A","2006",7.6680672269,
"LUX","WAGEGAP","EMPLOYEE","PC","A","2010",4.5921644188,
"LUX","WAGEGAP","EMPLOYEE","PC","A","2014",3.4029167858,
"MEX","WAGEGAP","EMPLOYEE","PC","A","2005",16.666666667,
"MEX","WAGEGAP","EMPLOYEE","PC","A","2006",18.604651163,
"MEX","WAGEGAP","EMPLOYEE","PC","A","2007",12.5,
"MEX","WAGEGAP","EMPLOYEE","PC","A","2008",22.222222222,
"MEX","WAGEGAP","EMPLOYEE","PC","A","2009",16.666666667,
"MEX","WAGEGAP","EMPLOYEE","PC","A","2010",11.627906977,
"MEX","WAGEGAP","EMPLOYEE","PC","A","2011",10,
"MEX","WAGEGAP","EMPLOYEE","PC","A","2012",13.555555556,
"MEX","WAGEGAP","EMPLOYEE","PC","A","2013",15.433403805,
"MEX","WAGEGAP","EMPLOYEE","PC","A","2014",18.3,
"MEX","WAGEGAP","EMPLOYEE","PC","A","2015",16.666666667,
"MEX","WAGEGAP","EMPLOYEE","PC","A","2016",16.492248062,
"MEX","WAGEGAP","EMPLOYEE","PC","A","2017",11.111111111,
"MEX","WAGEGAP","EMPLOYEE","PC","A","2018",14,
"MEX","WAGEGAP","EMPLOYEE","PC","A","2021",12.5,
"NLD","WAGEGAP","SELFEMPLOYED","PC","A","2004",37.014419556,
"NLD","WAGEGAP","SELFEMPLOYED","PC","A","2005",38.559661865,
"NLD","WAGEGAP","SELFEMPLOYED","PC","A","2006",42.269676208,
"NLD","WAGEGAP","SELFEMPLOYED","PC","A","2007",44.168682098,
"NLD","WAGEGAP","SELFEMPLOYED","PC","A","2008",41.469894409,
"NLD","WAGEGAP","SELFEMPLOYED","PC","A","2009",35.052986145,
"NLD","WAGEGAP","SELFEMPLOYED","PC","A","2010",30.314096451,
"NLD","WAGEGAP","SELFEMPLOYED","PC","A","2011",27.785741806,
"NLD","WAGEGAP","SELFEMPLOYED","PC","A","2012",26.04763031,
"NLD","WAGEGAP","SELFEMPLOYED","PC","A","2013",22.184499741,
"NLD","WAGEGAP","SELFEMPLOYED","PC","A","2014",24.550510406,
"NLD","WAGEGAP","SELFEMPLOYED","PC","A","2015",28.814785004,
"NLD","WAGEGAP","SELFEMPLOYED","PC","A","2016",32.024646759,
"NLD","WAGEGAP","SELFEMPLOYED","PC","A","2017",30.726119995,
"NLD","WAGEGAP","SELFEMPLOYED","PC","A","2018",28.285686493,
"NLD","WAGEGAP","SELFEMPLOYED","PC","A","2019",27.438344955,
"NLD","WAGEGAP","EMPLOYEE","PC","A","2002",15.64,
"NLD","WAGEGAP","EMPLOYEE","PC","A","2006",15.982463133,
"NLD","WAGEGAP","EMPLOYEE","PC","A","2010",17.88914703,
"NLD","WAGEGAP","EMPLOYEE","PC","A","2014",15.304839723,
"NLD","WAGEGAP","EMPLOYEE","PC","A","2018",12.657091562,
"NLD","WAGEGAP","EMPLOYEE","PC","A","2019",13.398029651,
"NLD","WAGEGAP","EMPLOYEE","PC","A","2020",13.329084582,
"NZL","WAGEGAP","SELFEMPLOYED","PC","A","1998",41.258739471,
"NZL","WAGEGAP","SELFEMPLOYED","PC","A","1999",39.803554535,
"NZL","WAGEGAP","SELFEMPLOYED","PC","A","2000",35.603378296,
"NZL","WAGEGAP","SELFEMPLOYED","PC","A","2001",30.163528442,
"NZL","WAGEGAP","SELFEMPLOYED","PC","A","2002",27.877613068,
"NZL","WAGEGAP","SELFEMPLOYED","PC","A","2003",29.468605042,
"NZL","WAGEGAP","SELFEMPLOYED","PC","A","2004",33.173099518,
"NZL","WAGEGAP","SELFEMPLOYED","PC","A","2005",35.447933197,
"NZL","WAGEGAP","SELFEMPLOYED","PC","A","2006",33.998794556,
"NZL","WAGEGAP","SELFEMPLOYED","PC","A","2007",36.161453247,
"NZL","WAGEGAP","SELFEMPLOYED","PC","A","2008",34.686225891,
"NZL","WAGEGAP","SELFEMPLOYED","PC","A","2009",35.247184753,
"NZL","WAGEGAP","SELFEMPLOYED","PC","A","2010",34.148822784,
"NZL","WAGEGAP","SELFEMPLOYED","PC","A","2011",31.663795471,
"NZL","WAGEGAP","SELFEMPLOYED","PC","A","2012",32.361244202,
"NZL","WAGEGAP","SELFEMPLOYED","PC","A","2013",32.612228394,
"NZL","WAGEGAP","SELFEMPLOYED","PC","A","2014",36.855133057,
"NZL","WAGEGAP","SELFEMPLOYED","PC","A","2015",36.74911499,
"NZL","WAGEGAP","SELFEMPLOYED","PC","A","2016",36.415210724,
"NZL","WAGEGAP","SELFEMPLOYED","PC","A","2017",35.577384949,
"NZL","WAGEGAP","SELFEMPLOYED","PC","A","2018",33.073905945,
"NZL","WAGEGAP","SELFEMPLOYED","PC","A","2019",30.814849854,
"NZL","WAGEGAP","EMPLOYEE","PC","A","1984",21.474652004,
"NZL","WAGEGAP","EMPLOYEE","PC","A","1986",23.014998739,
"NZL","WAGEGAP","EMPLOYEE","PC","A","1988",20.289233742,
"NZL","WAGEGAP","EMPLOYEE","PC","A","1990",17.111123524,
"NZL","WAGEGAP","EMPLOYEE","PC","A","1992",15.57156471,
"NZL","WAGEGAP","EMPLOYEE","PC","A","1994",13.302432435,
"NZL","WAGEGAP","EMPLOYEE","PC","A","1995",13.68282986,
"NZL","WAGEGAP","EMPLOYEE","PC","A","1996",20.394885993,
"NZL","WAGEGAP","EMPLOYEE","PC","A","1997",12.709497164,
"NZL","WAGEGAP","EMPLOYEE","PC","A","1998",11.4,
"NZL","WAGEGAP","EMPLOYEE","PC","A","1999",8.3333333333,
"NZL","WAGEGAP","EMPLOYEE","PC","A","2000",7.1665560717,
"NZL","WAGEGAP","EMPLOYEE","PC","A","2001",8.0562659847,
"NZL","WAGEGAP","EMPLOYEE","PC","A","2002",7.3125,
"NZL","WAGEGAP","EMPLOYEE","PC","A","2003",7.6923076923,
"NZL","WAGEGAP","EMPLOYEE","PC","A","2004",8.0766995933,
"NZL","WAGEGAP","EMPLOYEE","PC","A","2005",9.6111111111,
"NZL","WAGEGAP","EMPLOYEE","PC","A","2006",9.3333333333,
"NZL","WAGEGAP","EMPLOYEE","PC","A","2007",7.1428571429,
"NZL","WAGEGAP","EMPLOYEE","PC","A","2008",8.0536912752,
"NZL","WAGEGAP","EMPLOYEE","PC","A","2009",8.7591240876,
"NZL","WAGEGAP","EMPLOYEE","PC","A","2010",7.0112359551,
"NZL","WAGEGAP","EMPLOYEE","PC","A","2011",4.5333333333,
"NZL","WAGEGAP","EMPLOYEE","PC","A","2012",5.9079061685,
"NZL","WAGEGAP","EMPLOYEE","PC","A","2013",6.5943238731,
"NZL","WAGEGAP","EMPLOYEE","PC","A","2014",6.0833333333,
"NZL","WAGEGAP","EMPLOYEE","PC","A","2015",7.92,
"NZL","WAGEGAP","EMPLOYEE","PC","A","2016",7.7692307692,
"NZL","WAGEGAP","EMPLOYEE","PC","A","2017",7.1508379888,
"NZL","WAGEGAP","EMPLOYEE","PC","A","2018",7.8696925329,
"NZL","WAGEGAP","EMPLOYEE","PC","A","2019",6.5084501978,
"NZL","WAGEGAP","EMPLOYEE","PC","A","2020",4.5814674475,
"NZL","WAGEGAP","EMPLOYEE","PC","A","2021",6.6666666667,
"NOR","WAGEGAP","SELFEMPLOYED","PC","A","2003",32.322593689,
"NOR","WAGEGAP","SELFEMPLOYED","PC","A","2004",32.485565186,
"NOR","WAGEGAP","SELFEMPLOYED","PC","A","2005",30.878515244,
"NOR","WAGEGAP","SELFEMPLOYED","PC","A","2006",27.919670105,
"NOR","WAGEGAP","SELFEMPLOYED","PC","A","2007",26.360080719,
"NOR","WAGEGAP","SELFEMPLOYED","PC","A","2008",28.096136093,
"NOR","WAGEGAP","SELFEMPLOYED","PC","A","2009",28.1039505,
"NOR","WAGEGAP","SELFEMPLOYED","PC","A","2010",26.656616211,
"NOR","WAGEGAP","SELFEMPLOYED","PC","A","2011",25.351114273,
"NOR","WAGEGAP","SELFEMPLOYED","PC","A","2012",18.676582336,
"NOR","WAGEGAP","SELFEMPLOYED","PC","A","2013",18.541194916,
"NOR","WAGEGAP","SELFEMPLOYED","PC","A","2014",14.857247353,
"NOR","WAGEGAP","SELFEMPLOYED","PC","A","2015",24.016942978,
"NOR","WAGEGAP","SELFEMPLOYED","PC","A","2016",9.0818557739,
"NOR","WAGEGAP","SELFEMPLOYED","PC","A","2017",12.188750267,
"NOR","WAGEGAP","SELFEMPLOYED","PC","A","2018",14.961437225,
"NOR","WAGEGAP","SELFEMPLOYED","PC","A","2019",18.989927292,
"NOR","WAGEGAP","EMPLOYEE","PC","A","1997",9.3189964158,
"NOR","WAGEGAP","EMPLOYEE","PC","A","1998",8.8878326996,
"NOR","WAGEGAP","EMPLOYEE","PC","A","1999",9.2159559835,
"NOR","WAGEGAP","EMPLOYEE","PC","A","2000",9.225413403,
"NOR","WAGEGAP","EMPLOYEE","PC","A","2001",9.7875885048,
"NOR","WAGEGAP","EMPLOYEE","PC","A","2002",9.690074539,
"NOR","WAGEGAP","EMPLOYEE","PC","A","2003",9.3297791318,
"NOR","WAGEGAP","EMPLOYEE","PC","A","2004",8.4496693608,
"NOR","WAGEGAP","EMPLOYEE","PC","A","2005",8.6243763364,
"NOR","WAGEGAP","EMPLOYEE","PC","A","2006",8.210742388,
"NOR","WAGEGAP","EMPLOYEE","PC","A","2007",8.7894397939,
"NOR","WAGEGAP","EMPLOYEE","PC","A","2008",8.7575757576,
"NOR","WAGEGAP","EMPLOYEE","PC","A","2009",8.2843713278,
"NOR","WAGEGAP","EMPLOYEE","PC","A","2010",7.2360953462,
"NOR","WAGEGAP","EMPLOYEE","PC","A","2011",7.1448124829,
"NOR","WAGEGAP","EMPLOYEE","PC","A","2012",5.7921184872,
"NOR","WAGEGAP","EMPLOYEE","PC","A","2013",6.5970453388,
"NOR","WAGEGAP","EMPLOYEE","PC","A","2014",5.8006941001,
"NOR","WAGEGAP","EMPLOYEE","PC","A","2015",6.9577735125,
"NOR","WAGEGAP","EMPLOYEE","PC","A","2016",6.3063063063,
"NOR","WAGEGAP","EMPLOYEE","PC","A","2017",5.4947613504,
"NOR","WAGEGAP","EMPLOYEE","PC","A","2018",5.1293690422,
"NOR","WAGEGAP","EMPLOYEE","PC","A","2019",4.3678665496,
"NOR","WAGEGAP","EMPLOYEE","PC","A","2020",4.8138639281,
"NOR","WAGEGAP","EMPLOYEE","PC","A","2021",4.6014790468,
"POL","WAGEGAP","SELFEMPLOYED","PC","A","2004",53.69146347,
"POL","WAGEGAP","SELFEMPLOYED","PC","A","2005",54.655357361,
"POL","WAGEGAP","SELFEMPLOYED","PC","A","2006",53.150177002,
"POL","WAGEGAP","SELFEMPLOYED","PC","A","2007",56.82787323,
"POL","WAGEGAP","SELFEMPLOYED","PC","A","2008",58.066364288,
"POL","WAGEGAP","SELFEMPLOYED","PC","A","2009",61.635009766,
"POL","WAGEGAP","SELFEMPLOYED","PC","A","2010",61.631919861,
"POL","WAGEGAP","SELFEMPLOYED","PC","A","2011",61.928142548,
"POL","WAGEGAP","SELFEMPLOYED","PC","A","2012",61.234382629,
"POL","WAGEGAP","SELFEMPLOYED","PC","A","2013",60.211868286,
"POL","WAGEGAP","SELFEMPLOYED","PC","A","2014",58.688415527,
"POL","WAGEGAP","SELFEMPLOYED","PC","A","2015",57.084980011,
"POL","WAGEGAP","SELFEMPLOYED","PC","A","2016",53.318809509,
"POL","WAGEGAP","SELFEMPLOYED","PC","A","2017",50.217689514,
"POL","WAGEGAP","SELFEMPLOYED","PC","A","2018",48.220840454,
"POL","WAGEGAP","EMPLOYEE","PC","A","1991",20.148817179,
"POL","WAGEGAP","EMPLOYEE","PC","A","1992",17.247705062,
"POL","WAGEGAP","EMPLOYEE","PC","A","1993",20.028668251,
"POL","WAGEGAP","EMPLOYEE","PC","A","1994",18.853943975,
"POL","WAGEGAP","EMPLOYEE","PC","A","1995",20.104613517,
"POL","WAGEGAP","EMPLOYEE","PC","A","1996",20.465695126,
"POL","WAGEGAP","EMPLOYEE","PC","A","1997",18.568771518,
"POL","WAGEGAP","EMPLOYEE","PC","A","1998",19.107622599,
"POL","WAGEGAP","EMPLOYEE","PC","A","1999",17.559320693,
"POL","WAGEGAP","EMPLOYEE","PC","A","2001",14.299742455,
"POL","WAGEGAP","EMPLOYEE","PC","A","2002",11.315955411,
"POL","WAGEGAP","EMPLOYEE","PC","A","2004",10.638848907,
"POL","WAGEGAP","EMPLOYEE","PC","A","2006",11.440420483,
"POL","WAGEGAP","EMPLOYEE","PC","A","2008",12.993822243,
"POL","WAGEGAP","EMPLOYEE","PC","A","2010",7.1902070437,
"POL","WAGEGAP","EMPLOYEE","PC","A","2012",10.620155274,
"POL","WAGEGAP","EMPLOYEE","PC","A","2014",11.07286288,
"POL","WAGEGAP","EMPLOYEE","PC","A","2016",9.4178809362,
"POL","WAGEGAP","EMPLOYEE","PC","A","2018",11.497909952,
"POL","WAGEGAP","EMPLOYEE","PC","A","2020",8.6906141367,
"PRT","WAGEGAP","SELFEMPLOYED","PC","A","2006",62.25012207,
"PRT","WAGEGAP","SELFEMPLOYED","PC","A","2007",60.922393799,
"PRT","WAGEGAP","SELFEMPLOYED","PC","A","2008",60.391902924,
"PRT","WAGEGAP","SELFEMPLOYED","PC","A","2009",58.390205383,
"PRT","WAGEGAP","SELFEMPLOYED","PC","A","2010",59.24471283,
"PRT","WAGEGAP","SELFEMPLOYED","PC","A","2011",58.695732117,
"PRT","WAGEGAP","SELFEMPLOYED","PC","A","2012",54.437099457,
"PRT","WAGEGAP","SELFEMPLOYED","PC","A","2013",47.009235382,
"PRT","WAGEGAP","SELFEMPLOYED","PC","A","2014",40.368095398,
"PRT","WAGEGAP","SELFEMPLOYED","PC","A","2015",41.198135376,
"PRT","WAGEGAP","SELFEMPLOYED","PC","A","2016",42.367412567,
"PRT","WAGEGAP","SELFEMPLOYED","PC","A","2017",45.655525208,
"PRT","WAGEGAP","SELFEMPLOYED","PC","A","2018",41.70879364,
"PRT","WAGEGAP","SELFEMPLOYED","PC","A","2019",40.913368225,
"PRT","WAGEGAP","EMPLOYEE","PC","A","2002",21.857142857,
"PRT","WAGEGAP","EMPLOYEE","PC","A","2006",12.808460635,
"PRT","WAGEGAP","EMPLOYEE","PC","A","2010",16.020942408,
"PRT","WAGEGAP","EMPLOYEE","PC","A","2014",15.321756895,
"PRT","WAGEGAP","EMPLOYEE","PC","A","2018",11.665004985,
"PRT","WAGEGAP","EMPLOYEE","PC","A","2019",11.419037351,
"PRT","WAGEGAP","EMPLOYEE","PC","A","2020",11.716807546,
"SVK","WAGEGAP","SELFEMPLOYED","PC","A","2004",21.465621948,
"SVK","WAGEGAP","SELFEMPLOYED","PC","A","2005",19.869867325,
"SVK","WAGEGAP","SELFEMPLOYED","PC","A","2006",23.739473343,
"SVK","WAGEGAP","SELFEMPLOYED","PC","A","2007",26.853412628,
"SVK","WAGEGAP","SELFEMPLOYED","PC","A","2008",29.884807587,
"SVK","WAGEGAP","SELFEMPLOYED","PC","A","2009",31.579118729,
"SVK","WAGEGAP","SELFEMPLOYED","PC","A","2010",30.927671432,
"SVK","WAGEGAP","SELFEMPLOYED","PC","A","2011",32.207328796,
"SVK","WAGEGAP","SELFEMPLOYED","PC","A","2012",32.336830139,
"SVK","WAGEGAP","SELFEMPLOYED","PC","A","2013",35.467365265,
"SVK","WAGEGAP","SELFEMPLOYED","PC","A","2014",31.515951157,
"SVK","WAGEGAP","SELFEMPLOYED","PC","A","2015",25.562057495,
"SVK","WAGEGAP","SELFEMPLOYED","PC","A","2016",17.278533936,
"SVK","WAGEGAP","SELFEMPLOYED","PC","A","2017",13.499799728,
"SVK","WAGEGAP","SELFEMPLOYED","PC","A","2018",12.074243546,
"SVK","WAGEGAP","SELFEMPLOYED","PC","A","2019",11.484815598,
"SVK","WAGEGAP","EMPLOYEE","PC","A","2002",20.355160932,
"SVK","WAGEGAP","EMPLOYEE","PC","A","2003",20.689655172,
"SVK","WAGEGAP","EMPLOYEE","PC","A","2004",20.88376561,
"SVK","WAGEGAP","EMPLOYEE","PC","A","2005",20.099255583,
"SVK","WAGEGAP","EMPLOYEE","PC","A","2006",17.802768166,
"SVK","WAGEGAP","EMPLOYEE","PC","A","2007",17.521704815,
"SVK","WAGEGAP","EMPLOYEE","PC","A","2008",16.444769568,
"SVK","WAGEGAP","EMPLOYEE","PC","A","2009",16.432721259,
"SVK","WAGEGAP","EMPLOYEE","PC","A","2010",14.851117649,
"SVK","WAGEGAP","EMPLOYEE","PC","A","2011",15.449856429,
"SVK","WAGEGAP","EMPLOYEE","PC","A","2012",15.965269161,
"SVK","WAGEGAP","EMPLOYEE","PC","A","2013",14.109329757,
"SVK","WAGEGAP","EMPLOYEE","PC","A","2014",14.350047529,
"SVK","WAGEGAP","EMPLOYEE","PC","A","2015",13.376624885,
"SVK","WAGEGAP","EMPLOYEE","PC","A","2016",13.899182143,
"SVK","WAGEGAP","EMPLOYEE","PC","A","2017",15.040042332,
"SVK","WAGEGAP","EMPLOYEE","PC","A","2018",15.662080133,
"SVK","WAGEGAP","EMPLOYEE","PC","A","2019",13.869849949,
"SVK","WAGEGAP","EMPLOYEE","PC","A","2020",11.014467821,
"SVK","WAGEGAP","EMPLOYEE","PC","A","2021",11.700371359,
"ESP","WAGEGAP","SELFEMPLOYED","PC","A","2005",38.983505249,
"ESP","WAGEGAP","SELFEMPLOYED","PC","A","2006",37.542606354,
"ESP","WAGEGAP","SELFEMPLOYED","PC","A","2007",36.205646515,
"ESP","WAGEGAP","SELFEMPLOYED","PC","A","2008",31.653978348,
"ESP","WAGEGAP","SELFEMPLOYED","PC","A","2009",29.97127533,
"ESP","WAGEGAP","SELFEMPLOYED","PC","A","2010",24.738239288,
"ESP","WAGEGAP","SELFEMPLOYED","PC","A","2011",23.488946915,
"ESP","WAGEGAP","SELFEMPLOYED","PC","A","2012",23.035387039,
"ESP","WAGEGAP","SELFEMPLOYED","PC","A","2013",24.90014267,
"ESP","WAGEGAP","SELFEMPLOYED","PC","A","2014",28.569604874,
"ESP","WAGEGAP","SELFEMPLOYED","PC","A","2015",26.50705719,
"ESP","WAGEGAP","SELFEMPLOYED","PC","A","2016",25.145999908,
"ESP","WAGEGAP","SELFEMPLOYED","PC","A","2017",24.451547623,
"ESP","WAGEGAP","SELFEMPLOYED","PC","A","2018",26.071443558,
"ESP","WAGEGAP","SELFEMPLOYED","PC","A","2019",28.81312561,
"ESP","WAGEGAP","EMPLOYEE","PC","A","2002",17.161961367,
"ESP","WAGEGAP","EMPLOYEE","PC","A","2006",13.533333333,
"ESP","WAGEGAP","EMPLOYEE","PC","A","2010",13.504464286,
"ESP","WAGEGAP","EMPLOYEE","PC","A","2014",11.540497618,
"ESP","WAGEGAP","EMPLOYEE","PC","A","2018",8.6216072379,
"ESP","WAGEGAP","EMPLOYEE","PC","A","2020",8.0937131267,
"SWE","WAGEGAP","SELFEMPLOYED","PC","A","2003",5.5662798882,
"SWE","WAGEGAP","SELFEMPLOYED","PC","A","2004",13.169237137,
"SWE","WAGEGAP","SELFEMPLOYED","PC","A","2005",18.081148148,
"SWE","WAGEGAP","SELFEMPLOYED","PC","A","2006",19.746435165,
"SWE","WAGEGAP","SELFEMPLOYED","PC","A","2007",12.053091049,
"SWE","WAGEGAP","SELFEMPLOYED","PC","A","2008",9.9748754501,
"SWE","WAGEGAP","SELFEMPLOYED","PC","A","2009",15.589975357,
"SWE","WAGEGAP","SELFEMPLOYED","PC","A","2010",17.9980793,
"SWE","WAGEGAP","SELFEMPLOYED","PC","A","2011",17.93542099,
"SWE","WAGEGAP","SELFEMPLOYED","PC","A","2012",12.706723213,
"SWE","WAGEGAP","SELFEMPLOYED","PC","A","2013",18.776460648,
"SWE","WAGEGAP","SELFEMPLOYED","PC","A","2014",16.237733841,
"SWE","WAGEGAP","SELFEMPLOYED","PC","A","2015",17.605566025,
"SWE","WAGEGAP","SELFEMPLOYED","PC","A","2016",16.549993515,
"SWE","WAGEGAP","SELFEMPLOYED","PC","A","2017",11.836267471,
"SWE","WAGEGAP","SELFEMPLOYED","PC","A","2018",15.886770248,
"SWE","WAGEGAP","SELFEMPLOYED","PC","A","2019",5.8879323006,
"SWE","WAGEGAP","EMPLOYEE","PC","A","1995",9.6774193548,
"SWE","WAGEGAP","EMPLOYEE","PC","A","1996",11.515151515,
"SWE","WAGEGAP","EMPLOYEE","PC","A","1997",11.560693642,
"SWE","WAGEGAP","EMPLOYEE","PC","A","1998",12.777777778,
"SWE","WAGEGAP","EMPLOYEE","PC","A","1999",11.827956989,
"SWE","WAGEGAP","EMPLOYEE","PC","A","2000",12.371134021,
"SWE","WAGEGAP","EMPLOYEE","PC","A","2001",12.376237624,
"SWE","WAGEGAP","EMPLOYEE","PC","A","2002",11.904761905,
"SWE","WAGEGAP","EMPLOYEE","PC","A","2003",11.520737327,
"SWE","WAGEGAP","EMPLOYEE","PC","A","2004",10.762331839,
"SWE","WAGEGAP","EMPLOYEE","PC","A","2005",11.304347826,
"SWE","WAGEGAP","EMPLOYEE","PC","A","2006",11.016949153,
"SWE","WAGEGAP","EMPLOYEE","PC","A","2007",11.836734694,
"SWE","WAGEGAP","EMPLOYEE","PC","A","2008",10.588235294,
"SWE","WAGEGAP","EMPLOYEE","PC","A","2009",9.5419847328,
"SWE","WAGEGAP","EMPLOYEE","PC","A","2010",9.3632958801,
"SWE","WAGEGAP","EMPLOYEE","PC","A","2011",9.1575091575,
"SWE","WAGEGAP","EMPLOYEE","PC","A","2012",9.2857142857,
"SWE","WAGEGAP","EMPLOYEE","PC","A","2013",9.375,
"SWE","WAGEGAP","EMPLOYEE","PC","A","2014",9.1525423729,
"SWE","WAGEGAP","EMPLOYEE","PC","A","2015",8.3333333333,
"SWE","WAGEGAP","EMPLOYEE","PC","A","2016",8.1699346405,
"SWE","WAGEGAP","EMPLOYEE","PC","A","2017",7.3482428115,
"SWE","WAGEGAP","EMPLOYEE","PC","A","2018",7.1428571429,
"SWE","WAGEGAP","EMPLOYEE","PC","A","2019",7.5757575758,
"SWE","WAGEGAP","EMPLOYEE","PC","A","2020",7.4183976261,
"CHE","WAGEGAP","SELFEMPLOYED","PC","A","2007",58.173454285,
"CHE","WAGEGAP","SELFEMPLOYED","PC","A","2008",56.092365265,
"CHE","WAGEGAP","SELFEMPLOYED","PC","A","2009",51.421958923,
"CHE","WAGEGAP","SELFEMPLOYED","PC","A","2010",50.670024872,
"CHE","WAGEGAP","SELFEMPLOYED","PC","A","2011",49.349887848,
"CHE","WAGEGAP","SELFEMPLOYED","PC","A","2012",50.091896057,
"CHE","WAGEGAP","SELFEMPLOYED","PC","A","2013",44.258483887,
"CHE","WAGEGAP","SELFEMPLOYED","PC","A","2014",42.236186981,
"CHE","WAGEGAP","SELFEMPLOYED","PC","A","2015",41.090423584,
"CHE","WAGEGAP","SELFEMPLOYED","PC","A","2016",44.09544754,
"CHE","WAGEGAP","SELFEMPLOYED","PC","A","2017",44.24666214,
"CHE","WAGEGAP","SELFEMPLOYED","PC","A","2018",44.113861084,
"CHE","WAGEGAP","EMPLOYEE","PC","A","1996",25.472027972,
"CHE","WAGEGAP","EMPLOYEE","PC","A","1998",24.122427806,
"CHE","WAGEGAP","EMPLOYEE","PC","A","2000",23.787141178,
"CHE","WAGEGAP","EMPLOYEE","PC","A","2002",22.801619433,
"CHE","WAGEGAP","EMPLOYEE","PC","A","2004",22.012478004,
"CHE","WAGEGAP","EMPLOYEE","PC","A","2006",21.318132126,
"CHE","WAGEGAP","EMPLOYEE","PC","A","2008",21.307506053,
"CHE","WAGEGAP","EMPLOYEE","PC","A","2010",20.053595355,
"CHE","WAGEGAP","EMPLOYEE","PC","A","2012",19.343526441,
"CHE","WAGEGAP","EMPLOYEE","PC","A","2014",16.940742841,
"CHE","WAGEGAP","EMPLOYEE","PC","A","2016",14.762372073,
"CHE","WAGEGAP","EMPLOYEE","PC","A","2018",15.095647352,
"CHE","WAGEGAP","EMPLOYEE","PC","A","2020",13.802546899,
"TUR","WAGEGAP","EMPLOYEE","PC","A","2006",3.2069970845,
"TUR","WAGEGAP","EMPLOYEE","PC","A","2010",3.1042128603,
"TUR","WAGEGAP","EMPLOYEE","PC","A","2014",6.8825910931,
"TUR","WAGEGAP","EMPLOYEE","PC","A","2018",9.980806142,
"GBR","WAGEGAP","SELFEMPLOYED","PC","A","2004",46.036197662,
"GBR","WAGEGAP","SELFEMPLOYED","PC","A","2005",44.919704437,
"GBR","WAGEGAP","SELFEMPLOYED","PC","A","2006",43.584445953,
"GBR","WAGEGAP","SELFEMPLOYED","PC","A","2007",39.928573608,
"GBR","WAGEGAP","SELFEMPLOYED","PC","A","2008",38.440834045,
"GBR","WAGEGAP","SELFEMPLOYED","PC","A","2009",38.215435028,
"GBR","WAGEGAP","SELFEMPLOYED","PC","A","2010",40.421165466,
"GBR","WAGEGAP","SELFEMPLOYED","PC","A","2011",39.599937439,
"GBR","WAGEGAP","SELFEMPLOYED","PC","A","2012",36.376621246,
"GBR","WAGEGAP","SELFEMPLOYED","PC","A","2013",32.937835693,
"GBR","WAGEGAP","SELFEMPLOYED","PC","A","2014",32.299850464,
"GBR","WAGEGAP","SELFEMPLOYED","PC","A","2015",32.83839798,
"GBR","WAGEGAP","SELFEMPLOYED","PC","A","2016",34.168888092,
"GBR","WAGEGAP","SELFEMPLOYED","PC","A","2017",34.191303253,
"GBR","WAGEGAP","EMPLOYEE","PC","A","1970",47.578039176,
"GBR","WAGEGAP","EMPLOYEE","PC","A","1971",45.527421847,
"GBR","WAGEGAP","EMPLOYEE","PC","A","1972",45.677794733,
"GBR","WAGEGAP","EMPLOYEE","PC","A","1973",46.378726414,
"GBR","WAGEGAP","EMPLOYEE","PC","A","1974",44.422234328,
"GBR","WAGEGAP","EMPLOYEE","PC","A","1975",39.855414721,
"GBR","WAGEGAP","EMPLOYEE","PC","A","1976",36.550301936,
"GBR","WAGEGAP","EMPLOYEE","PC","A","1977",35.78836762,
"GBR","WAGEGAP","EMPLOYEE","PC","A","1978",37.474868762,
"GBR","WAGEGAP","EMPLOYEE","PC","A","1979",38.295239524,
"GBR","WAGEGAP","EMPLOYEE","PC","A","1980",36.688585971,
"GBR","WAGEGAP","EMPLOYEE","PC","A","1981",35.426812299,
"GBR","WAGEGAP","EMPLOYEE","PC","A","1982",35.659619489,
"GBR","WAGEGAP","EMPLOYEE","PC","A","1983",34.567281919,
"GBR","WAGEGAP","EMPLOYEE","PC","A","1984",35.081526592,
"GBR","WAGEGAP","EMPLOYEE","PC","A","1985",35.120114368,
"GBR","WAGEGAP","EMPLOYEE","PC","A","1986",34.938506319,
"GBR","WAGEGAP","EMPLOYEE","PC","A","1987",34.512954388,
"GBR","WAGEGAP","EMPLOYEE","PC","A","1988",34.045729488,
"GBR","WAGEGAP","EMPLOYEE","PC","A","1989",33.730659166,
"GBR","WAGEGAP","EMPLOYEE","PC","A","1990",32.744955954,
"GBR","WAGEGAP","EMPLOYEE","PC","A","1991",31.075478051,
"GBR","WAGEGAP","EMPLOYEE","PC","A","1992",29.9466794,
"GBR","WAGEGAP","EMPLOYEE","PC","A","1993",28.719019259,
"GBR","WAGEGAP","EMPLOYEE","PC","A","1994",28.079718536,
"GBR","WAGEGAP","EMPLOYEE","PC","A","1995",28.192834913,
"GBR","WAGEGAP","EMPLOYEE","PC","A","1996",27.218410885,
"GBR","WAGEGAP","EMPLOYEE","PC","A","1997",26.919070154,
"GBR","WAGEGAP","EMPLOYEE","PC","A","1998",27.035294221,
"GBR","WAGEGAP","EMPLOYEE","PC","A","1999",26.089728423,
"GBR","WAGEGAP","EMPLOYEE","PC","A","2000",26.280313829,
"GBR","WAGEGAP","EMPLOYEE","PC","A","2001",25.639645899,
"GBR","WAGEGAP","EMPLOYEE","PC","A","2002",24.379099435,
"GBR","WAGEGAP","EMPLOYEE","PC","A","2003",24.124467087,
"GBR","WAGEGAP","EMPLOYEE","PC","A","2004",23.358740969,
"GBR","WAGEGAP","EMPLOYEE","PC","A","2005",22.0639582,
"GBR","WAGEGAP","EMPLOYEE","PC","A","2006",21.718084024,
"GBR","WAGEGAP","EMPLOYEE","PC","A","2007",21.634780707,
"GBR","WAGEGAP","EMPLOYEE","PC","A","2008",21.857869108,
"GBR","WAGEGAP","EMPLOYEE","PC","A","2009",20.686295954,
"GBR","WAGEGAP","EMPLOYEE","PC","A","2010",19.231436918,
"GBR","WAGEGAP","EMPLOYEE","PC","A","2011",18.246005203,
"GBR","WAGEGAP","EMPLOYEE","PC","A","2012",17.783882784,
"GBR","WAGEGAP","EMPLOYEE","PC","A","2013",17.482014388,
"GBR","WAGEGAP","EMPLOYEE","PC","A","2014",17.382742571,
"GBR","WAGEGAP","EMPLOYEE","PC","A","2015",17.101551481,
"GBR","WAGEGAP","EMPLOYEE","PC","A","2016",16.796536797,
"GBR","WAGEGAP","EMPLOYEE","PC","A","2017",16.534100525,
"GBR","WAGEGAP","EMPLOYEE","PC","A","2018",16.310424203,
"GBR","WAGEGAP","EMPLOYEE","PC","A","2019",16.099809282,
"GBR","WAGEGAP","EMPLOYEE","PC","A","2020",11.983805668,
"GBR","WAGEGAP","EMPLOYEE","PC","A","2021",14.349294045,
"USA","WAGEGAP","SELFEMPLOYED","PC","A","2005",63.200000763,
"USA","WAGEGAP","SELFEMPLOYED","PC","A","2006",41.384269714,
"USA","WAGEGAP","SELFEMPLOYED","PC","A","2007",43.829040527,
"USA","WAGEGAP","SELFEMPLOYED","PC","A","2008",47.521472931,
"USA","WAGEGAP","SELFEMPLOYED","PC","A","2009",49.13993454,
"USA","WAGEGAP","SELFEMPLOYED","PC","A","2010",49.123092651,
"USA","WAGEGAP","SELFEMPLOYED","PC","A","2011",46.241779327,
"USA","WAGEGAP","SELFEMPLOYED","PC","A","2012",46.243434906,
"USA","WAGEGAP","SELFEMPLOYED","PC","A","2013",45.792728424,"B"
"USA","WAGEGAP","SELFEMPLOYED","PC","A","2014",48.56545639,
"USA","WAGEGAP","SELFEMPLOYED","PC","A","2015",49.119281769,
"USA","WAGEGAP","SELFEMPLOYED","PC","A","2016",49.470157623,
"USA","WAGEGAP","SELFEMPLOYED","PC","A","2017",42.976394653,
"USA","WAGEGAP","SELFEMPLOYED","PC","A","2018",39.377372742,"B"
"USA","WAGEGAP","SELFEMPLOYED","PC","A","2019",38.082939148,
"USA","WAGEGAP","SELFEMPLOYED","PC","A","2020",41.802112579,
"USA","WAGEGAP","EMPLOYEE","PC","A","1973",38.110403397,
"USA","WAGEGAP","EMPLOYEE","PC","A","1974",39.100684262,
"USA","WAGEGAP","EMPLOYEE","PC","A","1975",37.63003166,
"USA","WAGEGAP","EMPLOYEE","PC","A","1976",37.755972696,
"USA","WAGEGAP","EMPLOYEE","PC","A","1977",38.224852071,
"USA","WAGEGAP","EMPLOYEE","PC","A","1978",38.972477064,
"USA","WAGEGAP","EMPLOYEE","PC","A","1979",37.641950568,
"USA","WAGEGAP","EMPLOYEE","PC","A","1980",36.552151037,
"USA","WAGEGAP","EMPLOYEE","PC","A","1981",35.174000575,
"USA","WAGEGAP","EMPLOYEE","PC","A","1982",34.724091521,
"USA","WAGEGAP","EMPLOYEE","PC","A","1983",34.286450283,
"USA","WAGEGAP","EMPLOYEE","PC","A","1984",33.432171979,
"USA","WAGEGAP","EMPLOYEE","PC","A","1985",32.978219697,
"USA","WAGEGAP","EMPLOYEE","PC","A","1986",32.190214906,
"USA","WAGEGAP","EMPLOYEE","PC","A","1987",31.022222222,
"USA","WAGEGAP","EMPLOYEE","PC","A","1988",30.069174233,
"USA","WAGEGAP","EMPLOYEE","PC","A","1989",29.36357908,
"USA","WAGEGAP","EMPLOYEE","PC","A","1990",28.455449564,
"USA","WAGEGAP","EMPLOYEE","PC","A","1991",26.571091909,
"USA","WAGEGAP","EMPLOYEE","PC","A","1992",25.057736721,
"USA","WAGEGAP","EMPLOYEE","PC","A","1993",23.876404494,
"USA","WAGEGAP","EMPLOYEE","PC","A","1994",23.884514436,
"USA","WAGEGAP","EMPLOYEE","PC","A","1995",24.579985391,
"USA","WAGEGAP","EMPLOYEE","PC","A","1996",23.823948681,
"USA","WAGEGAP","EMPLOYEE","PC","A","1997",23.786491622,
"USA","WAGEGAP","EMPLOYEE","PC","A","1998",23.745819398,
"USA","WAGEGAP","EMPLOYEE","PC","A","1999",23.462783172,
"USA","WAGEGAP","EMPLOYEE","PC","A","2000",23.088923557,
"USA","WAGEGAP","EMPLOYEE","PC","A","2001",23.582089552,
"USA","WAGEGAP","EMPLOYEE","PC","A","2002",22.091310751,
"USA","WAGEGAP","EMPLOYEE","PC","A","2003",20.575539568,
"USA","WAGEGAP","EMPLOYEE","PC","A","2004",19.635343619,
"USA","WAGEGAP","EMPLOYEE","PC","A","2005",18.975069252,
"USA","WAGEGAP","EMPLOYEE","PC","A","2006",19.246298789,
"USA","WAGEGAP","EMPLOYEE","PC","A","2007",19.843342037,
"USA","WAGEGAP","EMPLOYEE","PC","A","2008",20.050125313,
"USA","WAGEGAP","EMPLOYEE","PC","A","2009",19.78021978,
"USA","WAGEGAP","EMPLOYEE","PC","A","2010",18.810679612,
"USA","WAGEGAP","EMPLOYEE","PC","A","2011",17.788461538,
"USA","WAGEGAP","EMPLOYEE","PC","A","2012",19.086651054,
"USA","WAGEGAP","EMPLOYEE","PC","A","2013",17.906976744,
"USA","WAGEGAP","EMPLOYEE","PC","A","2014",17.451205511,
"USA","WAGEGAP","EMPLOYEE","PC","A","2015",18.882681564,
"USA","WAGEGAP","EMPLOYEE","PC","A","2016",18.142076503,
"USA","WAGEGAP","EMPLOYEE","PC","A","2017",18.172157279,
"USA","WAGEGAP","EMPLOYEE","PC","A","2018",18.910585817,
"USA","WAGEGAP","EMPLOYEE","PC","A","2019",18.470705065,
"USA","WAGEGAP","EMPLOYEE","PC","A","2020",17.652495379,
"USA","WAGEGAP","EMPLOYEE","PC","A","2021",16.864175023,
"BGR","WAGEGAP","EMPLOYEE","PC","A","2002",12.012692656,
"BGR","WAGEGAP","EMPLOYEE","PC","A","2010",6.9343065693,
"BGR","WAGEGAP","EMPLOYEE","PC","A","2014",4.0625,
"BGR","WAGEGAP","EMPLOYEE","PC","A","2018",3.0303030303,
"BGR","WAGEGAP","EMPLOYEE","PC","A","2019",3.3577967679,
"BGR","WAGEGAP","EMPLOYEE","PC","A","2020",2.5546878995,
"CHL","WAGEGAP","EMPLOYEE","PC","A","1998",14.285714286,
"CHL","WAGEGAP","EMPLOYEE","PC","A","2000",6.0729,
"CHL","WAGEGAP","EMPLOYEE","PC","A","2003",1.6831838918,
"CHL","WAGEGAP","EMPLOYEE","PC","A","2006",5.5555555556,
"CHL","WAGEGAP","EMPLOYEE","PC","A","2009",9.0909090909,
"CHL","WAGEGAP","EMPLOYEE","PC","A","2011",16,
"CHL","WAGEGAP","EMPLOYEE","PC","A","2013",10.666666667,
"CHL","WAGEGAP","EMPLOYEE","PC","A","2015",14.285714286,
"CHL","WAGEGAP","EMPLOYEE","PC","A","2017",12.5,
"CHL","WAGEGAP","EMPLOYEE","PC","A","2020",8.5964583333,
"COL","WAGEGAP","EMPLOYEE","PC","A","2007",1.3393170184,
"COL","WAGEGAP","EMPLOYEE","PC","A","2008",1.7396907216,
"COL","WAGEGAP","EMPLOYEE","PC","A","2009",3.3846751713,
"COL","WAGEGAP","EMPLOYEE","PC","A","2010",6.4305555556,
"COL","WAGEGAP","EMPLOYEE","PC","A","2011",3.5348084188,
"COL","WAGEGAP","EMPLOYEE","PC","A","2012",8.1979467756,
"COL","WAGEGAP","EMPLOYEE","PC","A","2013",7.1428571429,
"COL","WAGEGAP","EMPLOYEE","PC","A","2014",9.6,
"COL","WAGEGAP","EMPLOYEE","PC","A","2015",11.141715728,
"COL","WAGEGAP","EMPLOYEE","PC","A","2016",7.0917506686,
"COL","WAGEGAP","EMPLOYEE","PC","A","2017",7.6923076923,
"COL","WAGEGAP","EMPLOYEE","PC","A","2018",5.7879259259,
"COL","WAGEGAP","EMPLOYEE","PC","A","2019",4,
"CRI","WAGEGAP","EMPLOYEE","PC","A","2011",4.6306818182,
"CRI","WAGEGAP","EMPLOYEE","PC","A","2012",0.5524861878,
"CRI","WAGEGAP","EMPLOYEE","PC","A","2014",5.1497005988,
"CRI","WAGEGAP","EMPLOYEE","PC","A","2015",3.7037037037,
"CRI","WAGEGAP","EMPLOYEE","PC","A","2016",1.7857142857,
"CRI","WAGEGAP","EMPLOYEE","PC","A","2017",2.967032967,
"CRI","WAGEGAP","EMPLOYEE","PC","A","2018",4.7252747253,
"HRV","WAGEGAP","EMPLOYEE","PC","A","2010",3.8323353293,
"HRV","WAGEGAP","EMPLOYEE","PC","A","2018",7.9150579151,
"HRV","WAGEGAP","EMPLOYEE","PC","A","2019",7.5748522944,
"CYP","WAGEGAP","EMPLOYEE","PC","A","2002",31.399946315,
"CYP","WAGEGAP","EMPLOYEE","PC","A","2006",30.478309232,
"CYP","WAGEGAP","EMPLOYEE","PC","A","2010",24.600990644,
"CYP","WAGEGAP","EMPLOYEE","PC","A","2014",13.409234662,
"CYP","WAGEGAP","EMPLOYEE","PC","A","2018",15.871047737,
"CYP","WAGEGAP","EMPLOYEE","PC","A","2019",16.841770255,
"CYP","WAGEGAP","EMPLOYEE","PC","A","2020",16.582113452,
"EST","WAGEGAP","SELFEMPLOYED","PC","A","2003",18.58316803,
"EST","WAGEGAP","SELFEMPLOYED","PC","A","2004",14.182986259,
"EST","WAGEGAP","SELFEMPLOYED","PC","A","2005",9.0828227997,
"EST","WAGEGAP","SELFEMPLOYED","PC","A","2006",2.4041435719,
"EST","WAGEGAP","SELFEMPLOYED","PC","A","2007",-7.364863873,
"EST","WAGEGAP","SELFEMPLOYED","PC","A","2008",-23.14301491,
"EST","WAGEGAP","SELFEMPLOYED","PC","A","2009",-28.11709785,
"EST","WAGEGAP","SELFEMPLOYED","PC","A","2010",-30.37996864,
"EST","WAGEGAP","SELFEMPLOYED","PC","A","2011",-25.50544167,
"EST","WAGEGAP","SELFEMPLOYED","PC","A","2012",-24.27906418,
"EST","WAGEGAP","SELFEMPLOYED","PC","A","2013",-22.17424011,
"EST","WAGEGAP","SELFEMPLOYED","PC","A","2014",-25.08417702,
"EST","WAGEGAP","SELFEMPLOYED","PC","A","2015",-19.22379303,
"EST","WAGEGAP","SELFEMPLOYED","PC","A","2016",-5.487162113,
"EST","WAGEGAP","SELFEMPLOYED","PC","A","2017",1.9094766378,
"EST","WAGEGAP","SELFEMPLOYED","PC","A","2018",2.161053896,
"EST","WAGEGAP","EMPLOYEE","PC","A","2002",25.000651941,
"EST","WAGEGAP","EMPLOYEE","PC","A","2006",27.856025039,
"EST","WAGEGAP","EMPLOYEE","PC","A","2010",27.797833935,
"EST","WAGEGAP","EMPLOYEE","PC","A","2014",28.339350181,
"EST","WAGEGAP","EMPLOYEE","PC","A","2018",22.68115942,
"EST","WAGEGAP","EMPLOYEE","PC","A","2020",19.601682014,
"ISR","WAGEGAP","EMPLOYEE","PC","A","2001",27.974718329,
"ISR","WAGEGAP","EMPLOYEE","PC","A","2002",24.207612457,
"ISR","WAGEGAP","EMPLOYEE","PC","A","2003",25.325311319,
"ISR","WAGEGAP","EMPLOYEE","PC","A","2004",25.013528139,
"ISR","WAGEGAP","EMPLOYEE","PC","A","2005",21.924398625,
"ISR","WAGEGAP","EMPLOYEE","PC","A","2006",21.955215729,
"ISR","WAGEGAP","EMPLOYEE","PC","A","2007",20.40924794,
"ISR","WAGEGAP","EMPLOYEE","PC","A","2008",22.058823529,
"ISR","WAGEGAP","EMPLOYEE","PC","A","2009",21.13599802,
"ISR","WAGEGAP","EMPLOYEE","PC","A","2010",20.391577392,
"ISR","WAGEGAP","EMPLOYEE","PC","A","2011",19.659666908,
"ISR","WAGEGAP","EMPLOYEE","PC","A","2012",20,
"ISR","WAGEGAP","EMPLOYEE","PC","A","2013",20.345901815,
"ISR","WAGEGAP","EMPLOYEE","PC","A","2014",20.108141196,
"ISR","WAGEGAP","EMPLOYEE","PC","A","2015",20.439189189,
"ISR","WAGEGAP","EMPLOYEE","PC","A","2016",21.593332041,
"ISR","WAGEGAP","EMPLOYEE","PC","A","2017",21.791789941,
"ISR","WAGEGAP","EMPLOYEE","PC","A","2018",22.659192432,
"ISR","WAGEGAP","EMPLOYEE","PC","A","2019",24.318869828,
"LVA","WAGEGAP","SELFEMPLOYED","PC","A","2006",17.959762573,
"LVA","WAGEGAP","SELFEMPLOYED","PC","A","2007",23.377542496,
"LVA","WAGEGAP","SELFEMPLOYED","PC","A","2008",24.936914444,
"LVA","WAGEGAP","SELFEMPLOYED","PC","A","2009",22.820894241,
"LVA","WAGEGAP","SELFEMPLOYED","PC","A","2010",19.034227371,
"LVA","WAGEGAP","SELFEMPLOYED","PC","A","2011",22.383876801,
"LVA","WAGEGAP","SELFEMPLOYED","PC","A","2012",20.561733246,
"LVA","WAGEGAP","SELFEMPLOYED","PC","A","2013",20.856889725,
"LVA","WAGEGAP","SELFEMPLOYED","PC","A","2014",18.928394318,
"LVA","WAGEGAP","SELFEMPLOYED","PC","A","2015",20.810813904,
"LVA","WAGEGAP","SELFEMPLOYED","PC","A","2016",27.070335388,
"LVA","WAGEGAP","SELFEMPLOYED","PC","A","2017",29.756341934,
"LVA","WAGEGAP","SELFEMPLOYED","PC","A","2018",32.437950134,
"LVA","WAGEGAP","SELFEMPLOYED","PC","A","2019",27.895441055,
"LVA","WAGEGAP","EMPLOYEE","PC","A","2002",18.919555573,
"LVA","WAGEGAP","EMPLOYEE","PC","A","2006",8.4656084656,
"LVA","WAGEGAP","EMPLOYEE","PC","A","2010",19.055649241,
"LVA","WAGEGAP","EMPLOYEE","PC","A","2014",21.122994652,
"LVA","WAGEGAP","EMPLOYEE","PC","A","2018",20.289855072,
"LVA","WAGEGAP","EMPLOYEE","PC","A","2019",19.759401058,
"LTU","WAGEGAP","SELFEMPLOYED","PC","A","2004",29.587535858,
"LTU","WAGEGAP","SELFEMPLOYED","PC","A","2005",27.732688904,
"LTU","WAGEGAP","SELFEMPLOYED","PC","A","2006",21.428005219,
"LTU","WAGEGAP","SELFEMPLOYED","PC","A","2007",16.513086319,
"LTU","WAGEGAP","SELFEMPLOYED","PC","A","2008",7.0754318237,
"LTU","WAGEGAP","SELFEMPLOYED","PC","A","2009",3.0379977226,
"LTU","WAGEGAP","SELFEMPLOYED","PC","A","2010",-3.189761877,
"LTU","WAGEGAP","SELFEMPLOYED","PC","A","2011",7.7855086327,
"LTU","WAGEGAP","SELFEMPLOYED","PC","A","2012",5.7907109261,
"LTU","WAGEGAP","SELFEMPLOYED","PC","A","2013",14.821136475,
"LTU","WAGEGAP","SELFEMPLOYED","PC","A","2014",9.5859422684,
"LTU","WAGEGAP","SELFEMPLOYED","PC","A","2015",15.536741257,
"LTU","WAGEGAP","SELFEMPLOYED","PC","A","2016",17.321352005,
"LTU","WAGEGAP","SELFEMPLOYED","PC","A","2017",29.882024765,
"LTU","WAGEGAP","SELFEMPLOYED","PC","A","2018",30.181756973,
"LTU","WAGEGAP","SELFEMPLOYED","PC","A","2019",32.181999207,
"LTU","WAGEGAP","EMPLOYEE","PC","A","2002",15.083743188,
"LTU","WAGEGAP","EMPLOYEE","PC","A","2006",16.818181818,
"LTU","WAGEGAP","EMPLOYEE","PC","A","2010",10.642570281,
"LTU","WAGEGAP","EMPLOYEE","PC","A","2014",12.479740681,
"LTU","WAGEGAP","EMPLOYEE","PC","A","2018",11.689814815,
"LTU","WAGEGAP","EMPLOYEE","PC","A","2020",9.3279890493,
"MLT","WAGEGAP","EMPLOYEE","PC","A","2002",13.555733265,
"MLT","WAGEGAP","EMPLOYEE","PC","A","2006",7.4407195421,
"MLT","WAGEGAP","EMPLOYEE","PC","A","2010",7.0678796361,
"MLT","WAGEGAP","EMPLOYEE","PC","A","2014",8.9894606324,
"MLT","WAGEGAP","EMPLOYEE","PC","A","2018",11.09375,
"ROU","WAGEGAP","EMPLOYEE","PC","A","2002",16.160990712,
"ROU","WAGEGAP","EMPLOYEE","PC","A","2006",8.3969465649,
"ROU","WAGEGAP","EMPLOYEE","PC","A","2010",9.6317280453,
"ROU","WAGEGAP","EMPLOYEE","PC","A","2014",1.5463917526,
"ROU","WAGEGAP","EMPLOYEE","PC","A","2018",3.4965034965,
"ROU","WAGEGAP","EMPLOYEE","PC","A","2019",5.8553973107,
"ROU","WAGEGAP","EMPLOYEE","PC","A","2020",3.3041813915,
"SVN","WAGEGAP","SELFEMPLOYED","PC","A","2004",28.551664352,
"SVN","WAGEGAP","SELFEMPLOYED","PC","A","2005",29.831928253,
"SVN","WAGEGAP","SELFEMPLOYED","PC","A","2006",29.044483185,
"SVN","WAGEGAP","SELFEMPLOYED","PC","A","2007",28.612474442,
"SVN","WAGEGAP","SELFEMPLOYED","PC","A","2008",27.706134796,
"SVN","WAGEGAP","SELFEMPLOYED","PC","A","2009",29.536897659,
"SVN","WAGEGAP","SELFEMPLOYED","PC","A","2010",32.83020401,
"SVN","WAGEGAP","SELFEMPLOYED","PC","A","2011",33.93264389,
"SVN","WAGEGAP","SELFEMPLOYED","PC","A","2012",31.093191147,
"SVN","WAGEGAP","SELFEMPLOYED","PC","A","2013",30.999786377,
"SVN","WAGEGAP","SELFEMPLOYED","PC","A","2014",30.466659546,
"SVN","WAGEGAP","SELFEMPLOYED","PC","A","2015",32.280162811,
"SVN","WAGEGAP","SELFEMPLOYED","PC","A","2016",33.596817017,
"SVN","WAGEGAP","SELFEMPLOYED","PC","A","2017",38.735172272,
"SVN","WAGEGAP","SELFEMPLOYED","PC","A","2018",39.351200104,
"SVN","WAGEGAP","SELFEMPLOYED","PC","A","2019",39.756725311,
"SVN","WAGEGAP","EMPLOYEE","PC","A","2002",9.3588840675,
"SVN","WAGEGAP","EMPLOYEE","PC","A","2006",6.5573770492,
"SVN","WAGEGAP","EMPLOYEE","PC","A","2010",0.9917355372,
"SVN","WAGEGAP","EMPLOYEE","PC","A","2014",4.9962714392,
"SVN","WAGEGAP","EMPLOYEE","PC","A","2018",8.1945369753,
"OECD","WAGEGAP","EMPLOYEE","PC","A","1995",18.9904751412667,
"OECD","WAGEGAP","EMPLOYEE","PC","A","1996",19.2077811976879,
"OECD","WAGEGAP","EMPLOYEE","PC","A","1997",18.9022803026833,
"OECD","WAGEGAP","EMPLOYEE","PC","A","1998",18.73192126694,
"OECD","WAGEGAP","EMPLOYEE","PC","A","1999",18.4104924979921,
"OECD","WAGEGAP","EMPLOYEE","PC","A","2000",18.1270290240575,
"OECD","WAGEGAP","EMPLOYEE","PC","A","2001",17.8959335326531,
"OECD","WAGEGAP","EMPLOYEE","PC","A","2002",17.7016699630082,
"OECD","WAGEGAP","EMPLOYEE","PC","A","2003",16.8865859139746,
"OECD","WAGEGAP","EMPLOYEE","PC","A","2004",16.5059291082727,
"OECD","WAGEGAP","EMPLOYEE","PC","A","2005",16.0370723452359,
"OECD","WAGEGAP","EMPLOYEE","PC","A","2006",15.7244035114139,
"OECD","WAGEGAP","EMPLOYEE","PC","A","2007",14.9002977935827,
"OECD","WAGEGAP","EMPLOYEE","PC","A","2008",14.8935992033603,
"OECD","WAGEGAP","EMPLOYEE","PC","A","2009",14.3813451155141,
"OECD","WAGEGAP","EMPLOYEE","PC","A","2010",13.6190168494106,
"OECD","WAGEGAP","EMPLOYEE","PC","A","2011",13.480472314785,
"OECD","WAGEGAP","EMPLOYEE","PC","A","2012",13.5541003890116,
"OECD","WAGEGAP","EMPLOYEE","PC","A","2013",13.4459094930526,
"OECD","WAGEGAP","EMPLOYEE","PC","A","2014",13.4974856301311,
"OECD","WAGEGAP","EMPLOYEE","PC","A","2015",13.7114216972198,
"OECD","WAGEGAP","EMPLOYEE","PC","A","2016",13.1855139334758,
"OECD","WAGEGAP","EMPLOYEE","PC","A","2017",12.7698717712582,
"OECD","WAGEGAP","EMPLOYEE","PC","A","2018",12.7967891857429,
"OECD","WAGEGAP","EMPLOYEE","PC","A","2019",12.6254629281933,
"OECD","WAGEGAP","EMPLOYEE","PC","A","2020",11.9634477343305,
"DEU","WAGEGAP","SELFEMPLOYED","PC","A","2014",37.65455246,
"DEU","WAGEGAP","SELFEMPLOYED","PC","A","2015",34.614440918,
"DEU","WAGEGAP","SELFEMPLOYED","PC","A","2016",28.27435112,
"DEU","WAGEGAP","SELFEMPLOYED","PC","A","2017",26.871465683,
"DEU","WAGEGAP","SELFEMPLOYED","PC","A","2018",25.81259346,
"EU27","WAGEGAP","EMPLOYEE","PC","A","2002",16.7753266431154,
"EU27","WAGEGAP","EMPLOYEE","PC","A","2003",15.5469707866535,
"EU27","WAGEGAP","EMPLOYEE","PC","A","2004",15.075130534084,
"EU27","WAGEGAP","EMPLOYEE","PC","A","2005",14.4032379166661,
"EU27","WAGEGAP","EMPLOYEE","PC","A","2006",13.3880237190577,
"EU27","WAGEGAP","EMPLOYEE","PC","A","2007",13.6890250623002,
"EU27","WAGEGAP","EMPLOYEE","PC","A","2008",13.2932283215266,
"EU27","WAGEGAP","EMPLOYEE","PC","A","2009",12.6898764281804,
"EU27","WAGEGAP","EMPLOYEE","PC","A","2010",12.0689323317148,
"EU27","WAGEGAP","EMPLOYEE","PC","A","2011",12.3805925021093,
"EU27","WAGEGAP","EMPLOYEE","PC","A","2012",12.54419845467,
"EU27","WAGEGAP","EMPLOYEE","PC","A","2013",12.2767512488367,
"EU27","WAGEGAP","EMPLOYEE","PC","A","2014",10.8082747801259,
"EU27","WAGEGAP","EMPLOYEE","PC","A","2015",12.3054207956231,
"EU27","WAGEGAP","EMPLOYEE","PC","A","2016",11.8520422819325,
"EU27","WAGEGAP","EMPLOYEE","PC","A","2017",11.5051545114999,
"EU27","WAGEGAP","EMPLOYEE","PC","A","2018",10.8027859019692,
"EU27","WAGEGAP","EMPLOYEE","PC","A","2019",10.9214901865842,
"EU27","WAGEGAP","EMPLOYEE","PC","A","2020",10.3073682524154,
"ARG","WAGEGAP","EMPLOYEE","PC","A","2017",7.8571428571,
"ARG","WAGEGAP","EMPLOYEE","PC","A","2018",11.111111111,
"ARG","WAGEGAP","EMPLOYEE","PC","A","2019",12,
"ARG","WAGEGAP","EMPLOYEE","PC","A","2020",6.25,
"ARG","WAGEGAP","EMPLOYEE","PC","A","2021",6.25,
"BRA","WAGEGAP","EMPLOYEE","PC","A","2012",15,
"BRA","WAGEGAP","EMPLOYEE","PC","A","2013",16.363636364,
"BRA","WAGEGAP","EMPLOYEE","PC","A","2014",16.666666667,
"BRA","WAGEGAP","EMPLOYEE","PC","A","2015",15.384615385,
"BRA","WAGEGAP","EMPLOYEE","PC","A","2016",14.285714286,
"BRA","WAGEGAP","EMPLOYEE","PC","A","2017",13.333333333,
"BRA","WAGEGAP","EMPLOYEE","PC","A","2018",10.666666667,
"BRA","WAGEGAP","EMPLOYEE","PC","A","2019",6.6666666667,
"BRA","WAGEGAP","EMPLOYEE","PC","A","2020",6.25,
"BRA","WAGEGAP","EMPLOYEE","PC","A","2021",9.0909090909,
